track_name,artist(s)_name,artist_count,released_year,released_month,released_day,in_spotify_playlists,in_spotify_charts,streams,in_apple_playlists,in_apple_charts,bpm,key,mode,danceability_%,valence_%,energy_%,acousticness_%,instrumentalness_%,liveness_%,speechiness_%
Agudo Mgi,Styrx,3,1930,1,1,323,0,90598517.00,4,0,130,F#,Minor,65,49,80,22,4,7,5
White Christmas,Bing Crosby,3,1942,1,1,11940,0,395591396.00,73,79,96,A,Major,23,19,25,91,0,40,3
The Christmas Song (Merry Christmas To You) - Remastered 1999,Nat King Cole,1,1946,11,1,11500,0,389771964.00,140,72,139,C#,Major,36,22,15,84,0,11,4
Let It Snow! Let It Snow! Let It Snow!,Frank Sinatra,2,1950,1,1,10585,0,473248298.00,126,108,143,D,Major,60,86,32,88,0,34,6
A Holly Jolly Christmas - Single Version,Burl Ives,1,1952,1,1,7930,0,395591396.00,108,120,140,,Major,67,81,36,64,0,15,3
Jingle Bell Rock,Bobby Helms,1,1957,1,1,10326,0,741301563.00,165,99,119,D,Major,74,78,37,84,0,6,3
Jingle Bells - Remastered 1999,Frank Sinatra,1,1957,1,1,4326,0,178660459.00,32,3,175,G#,Major,51,94,34,73,0,10,5
Rockin' Around The Christmas Tree,Brenda Lee,1,1958,1,1,14994,0,769213520.00,191,168,140,G#,Major,70,85,41,71,0,45,5
It's Beginning to Look a Lot Like Christmas (with Mitchell Ayres & His Orchestra),Perry Como,3,1958,1,1,6290,0,295998468.00,89,39,113,G,Major,73,72,32,77,0,15,5
Run Rudolph Run - Single Version,Chuck Berry,1,1958,1,1,8612,0,245350949.00,120,30,152,G,Minor,69,94,71,79,0,7,8
Let It Snow! Let It Snow! Let It Snow!,Dean Martin,1,1959,11,16,6512,0,446390129.00,88,1,134,C#,Major,45,72,24,91,0,18,4
Deck The Hall - Remastered 1999,Nat King Cole,1,1959,1,1,3299,0,127027715.00,65,39,107,F#,Minor,69,96,36,81,0,8,4
It's the Most Wonderful Time of the Year,Andy Williams,1,1963,10,14,8879,0,663832097.00,182,107,202,G,Major,24,76,60,77,0,12,4
Sleigh Ride,The Ronettes,1,1963,11,22,10114,0,404664135.00,114,74,92,D,Major,53,84,77,40,0,32,3
Christmas (Baby Please Come Home),Darlene Love,1,1963,11,22,9122,0,242767149.00,121,58,126,D#,Major,34,35,76,39,0,8,5
Have You Ever Seen The Rain?,Creedence Clearwater Revival,1,1968,7,1,15890,14,1145727611.00,71,37,116,,Major,74,76,70,7,0,13,3
Feliz Navidad,Jos Felic,1,1970,11,1,3788,0,520034544.00,21,3,148,D,Major,50,96,82,47,0,34,4
Happy Xmas (War Is Over),John Lennon,4,1971,12,1,10829,0,460492795.00,130,1,147,D,Major,33,39,61,32,0,77,3
Dream On,Aerosmith,1,1973,1,5,168,0,838586769.00,0,0,80,F,Minor,39,24,43,39,0,23,3
Bohemian Rhapsody - Remastered 2011,Queen,1,1975,10,31,40112,3,2197010679.00,321,162,71,,Minor,41,23,40,27,0,30,5
Riptide,Vance Joy,1,1975,1,1,31123,55,2009094673.00,300,65,102,C#,Major,48,50,73,43,0,15,4
Wonderful Christmastime - Edited Version / Remastered 2011,Paul McCartney,1,1979,11,16,1685,0,403939487.00,1,0,95,B,Major,75,74,58,36,0,9,3
Pass The Dutchie,Musical Youth,1,1982,1,1,5328,0,195918494.00,54,76,151,G,Major,73,88,67,20,0,32,5
Miss You,Southstar,1,1982,5,16,2020,0,154356956.00,77,10,145,A,Major,66,24,58,17,0,19,5
Every Breath You Take - Remastered 2003,The Police,1,1983,1,6,22439,19,1593270737.00,211,74,117,C#,Major,82,73,45,54,0,7,3
Take On Me,a-ha,1,1984,10,19,44927,17,1479115056.00,34,0,84,F#,Minor,57,86,90,2,0,9,5
Last Christmas,Wham!,1,1984,1,1,22153,0,1159176109.00,274,111,107,B,Minor,74,88,65,28,0,46,3
Do They Know It's Christmas? - 1984 Version,Band Aid,1,1984,11,25,14169,0,481697415.00,209,30,115,,Major,60,23,57,0,2,27,3
Merry Christmas Everyone,Shakin' Stevens,1,1984,1,1,1087,0,351636786.00,90,35,101,C#,Minor,72,91,87,14,0,13,3
Everybody Wants To Rule The World,Tears For Fears,1,1985,2,17,41751,25,1205951614.00,101,32,112,G,Major,64,54,81,36,0,11,6
Running Up That Hill (A Deal With God),Kate Bush,1,1985,9,16,21811,0,1024858327.00,117,1,108,A#,Minor,63,20,55,72,0,6,6
Master of Puppets (Remastered),Metallica,1,1986,3,3,6080,0,704171068.00,112,198,105,E,Minor,54,59,83,0,44,20,4
Driving Home for Christmas - 2019 Remaster,Chris Rea,1,1986,1,1,888,0,429504768.00,50,0,180,A,Major,51,87,58,36,0,18,4
Sweet Child O' Mine,Guns N' Roses,1,1987,1,1,41231,1,1553497987.00,228,151,125,F#,Major,45,67,90,9,11,10,5
Smells Like Teen Spirit - Remastered 2021,Nirvana,1,1991,9,10,49991,9,1690192927.00,265,121,117,C#,Major,52,73,91,0,0,11,7
Something In The Way - Remastered 2021,Nirvana,1,1991,9,24,9514,0,368646862.00,45,27,106,G#,Major,44,8,20,74,42,11,3
Creep,Radiohead,1,1992,9,21,36724,7,1271293243.00,146,72,92,G,Major,53,12,34,1,0,12,4
All I Want for Christmas Is You,Mariah Carey,1,1994,10,28,25653,0,1449779435.00,387,132,150,G,Major,34,33,63,16,0,7,4
Gangsta's Paradise,Coolio,2,1995,7,11,10624,17,1357608774.00,21,0,80,G#,Major,63,40,61,9,0,56,6
California Love - Original Version (Explicit),Dr. Dre,3,1995,12,28,18773,0,579395142.00,128,17,92,G,Major,77,76,84,3,0,38,4
Sigue,Ed Sheeran,2,1996,11,24,1370,0,106933107.00,46,8,88,G,Major,89,59,64,5,0,19,7
Cupid  Twin Ver. (FIFTY FIFTY)  Spe,sped up 8282,1,1997,1,1,472,2,103762518.00,0,0,144,F,Major,74,75,73,42,0,9,4
Iris,The Goo Goo Dolls,1,1998,3,31,13101,9,1284942608.00,137,5,156,B,Minor,32,49,72,0,0,9,4
Yellow,Chris Molitor,1,1999,1,1,31358,43,1755214421.00,196,2,173,B,Major,43,28,66,0,0,23,3
Still D.R.E.,Dr. Dre,2,1999,1,1,33966,0,1210599487.00,141,78,93,B,Major,81,53,78,18,0,6,24
Stan,Eminem,2,1999,11,21,17115,0,918915401.00,83,63,80,F#,Minor,78,53,74,4,0,45,21
The Next Episode,Dr. Dre,2,1999,1,1,31762,0,843309044.00,142,40,95,D#,Minor,92,31,89,3,0,8,25
Forgot About Dre,Eminem,2,1999,1,1,19067,0,675039469.00,78,15,134,G#,Major,93,61,74,9,0,17,8
In The End,Linkin Park,1,2000,10,24,25065,6,1624165576.00,63,0,105,D#,Minor,55,40,90,1,0,32,6
The Real Slim Shady,Eminem,1,2000,1,1,20763,27,1424589568.00,81,53,104,F,Minor,95,78,66,3,0,4,6
Sparks,Coldplay,1,2000,7,10,10826,4,624101957.00,24,0,103,C#,Major,37,17,27,75,5,10,3
My Only Wish (This Year),Britney Spears,1,2000,11,7,6952,0,261116938.00,115,53,147,,Major,67,69,72,17,0,19,3
Lose Yourself - Soundtrack Version,Eminem,1,2002,1,1,32502,21,1829992958.00,247,54,171,D,Major,70,6,73,1,0,36,26
'Till I Collapse,Eminem,2,2002,5,26,22923,0,1695712020.00,78,46,171,C#,Major,55,10,85,7,0,8,20
Without Me,Eminem,1,2002,1,1,21081,43,1687664027.00,98,76,112,G,Major,92,67,66,0,0,36,9
The Scientist,Coldplay,1,2002,8,5,30992,6,1608164312.00,124,25,146,F,Major,56,21,44,73,0,11,2
In Da Club,50 Cent,1,2002,1,1,30427,7,1202722675.00,235,106,90,F#,Minor,90,79,71,26,0,7,37
Superman,Eminem,2,2002,5,26,7615,14,655466831.00,18,51,130,E,Minor,80,64,76,2,0,20,6
Mr. Brightside,The Killers,1,2003,9,23,51979,15,1806617704.00,306,99,148,C#,Major,35,24,93,0,0,10,8
Numb,Linkin Park,1,2003,3,24,20111,5,1361425037.00,39,0,110,A,Major,50,24,86,0,0,64,4
Mockingbird,Eminem,1,2004,1,1,12985,61,1241559043.00,49,98,84,E,Minor,62,24,67,21,0,13,28
Somewhere Only We Know,Keane,1,2004,1,1,20015,16,1089402494.00,107,69,172,A,Major,45,33,59,6,0,8,3
Gasolina,Daddy Yankee,1,2004,7,13,6457,18,657723613.00,98,95,96,,Major,86,74,80,33,0,8,6
Yo Voy (feat. Daddy Yankee),Zion & Lennox,1,2004,5,4,2954,2,527033089.00,18,82,95,A#,Major,81,56,70,4,0,5,24
You Make It Feel Like Christmas (feat. Blake Shelton),Gwen Stefani,2,2005,9,20,2577,0,180577478.00,108,56,93,F,Major,63,93,88,1,0,12,4
505,Arctic Monkeys,1,2007,4,20,13985,25,1217120710.00,30,80,140,,Major,52,20,85,0,0,7,5
Viva La Vida,Coldplay,1,2008,1,1,33898,62,1592909789.00,233,0,138,F,Minor,49,42,62,9,0,11,3
Heartless,Kanye West,1,2008,1,1,17504,34,887906111.00,63,39,88,A#,Minor,79,66,65,5,0,25,14
Just The Way You Are,Bruno Mars,1,2010,1,1,21106,13,1641426668.00,82,0,109,F,Major,63,46,85,1,0,9,5
Rolling in the Deep,Adele,1,2010,11,29,35684,6,1472799873.00,195,125,105,G#,Major,73,52,76,13,0,5,3
Danza Kuduro,Don Omar,2,2010,1,1,17138,37,1279434863.00,119,81,130,,Major,47,86,92,8,0,5,24
Talking To The Moon,Bruno Mars,1,2010,10,4,7109,2,1062956628.00,5,0,146,C#,Minor,52,7,61,51,0,11,3
Sure Thing,Miguel,1,2010,5,25,13801,19,950906471.00,137,125,81,B,Minor,68,51,60,3,0,19,10
Enchanted,Taylor Swift,1,2010,1,1,4564,16,621660989.00,24,101,164,G#,Major,45,24,62,8,0,16,3
Es un Secreto,Plan B,1,2010,7,20,492,36,540654286.00,4,3,95,F#,Minor,84,52,77,12,0,7,4
Can't Hold Us (feat. Ray Dalton),Ray Dalton,3,2011,8,16,6074,52,1953533826.00,201,44,146,D,Major,63,88,93,3,0,10,8
Somebody That I Used To Know,Gotye,2,2011,1,1,42798,0,1457139296.00,217,136,129,,Major,86,75,52,54,0,10,4
We Found Love,Rihanna,2,2011,1,1,36843,21,1235005533.00,321,91,128,C#,Major,73,60,77,3,0,11,4
Set Fire to the Rain,Adele,1,2011,1,1,14739,43,1163620694.00,88,112,108,D,Minor,61,47,68,0,0,13,3
Summertime Sadness,Lana Del Rey,1,2011,1,1,20333,52,983637508.00,89,143,112,C#,Minor,56,24,66,7,0,12,3
It's Beginning To Look A Lot Like Christmas,Michael Bubl,1,2011,10,14,12353,0,807561936.00,35,0,93,E,Major,35,38,23,91,0,29,3
Mistletoe,Justin Bieber,1,2011,1,1,9577,0,629173063.00,195,111,162,F#,Minor,67,88,54,51,0,9,4
Holly Jolly Christmas,Michael Bubl,1,2011,10,14,7655,0,476244795.00,5,0,151,G,Major,65,70,47,87,0,9,4
Bloody Mary,Lady Gaga,1,2011,1,1,3909,0,372476382.00,66,26,100,A,Minor,59,49,65,2,0,13,3
Radio,Lana Del Rey,1,2011,1,1,9389,46,284819874.00,24,122,150,D,Major,42,20,86,21,0,9,9
Sweater Weather,The Neighbourhood,1,2012,5,14,16413,61,2282771485.00,166,87,124,A#,Major,61,41,81,5,2,10,3
Demons,Imagine Dragons,1,2012,1,1,26694,13,1840364617.00,65,82,180,D#,Major,33,38,71,20,0,28,5
Another Love,Tom Odell,1,2012,10,15,18371,83,1813673666.00,250,122,123,E,Minor,45,13,54,70,0,9,4
When I Was Your Man,Bruno Mars,1,2012,12,5,2420,11,1661187319.00,0,0,145,,Major,60,43,27,94,0,14,4
Locked Out Of Heaven,Bruno Mars,1,2012,12,5,1622,9,1481349984.00,0,0,144,F,Major,73,87,70,6,0,28,5
Payphone,Maroon 5,2,2012,1,1,14143,4,1479264469.00,56,38,110,E,Major,74,51,74,2,0,29,4
Money Trees,Kendrick Lamar,2,2012,1,1,26792,32,1093605526.00,69,113,144,E,Minor,74,37,53,7,0,21,10
Lover,Taylor Swift,1,2012,1,1,8448,23,882831184.00,160,110,206,G,Major,43,50,55,50,0,15,10
Lost,Frank Ocean,1,2012,1,1,29499,11,822239726.00,124,27,123,A#,Minor,91,49,61,3,0,17,22
MONTAGEM - FR PUNK,Ayparia,2,2012,6,20,641,50,58054811.00,1,52,129,A,Major,63,84,82,70,8,9,7
Take Me To Church,Hozier,1,2013,9,13,23804,31,2135158446.00,187,99,129,E,Minor,57,41,66,63,0,12,5
All of Me,John Legend,1,2013,8,1,27221,0,2086124197.00,308,118,120,G#,Major,42,33,26,92,0,13,3
Counting Stars,OneRepublic,1,2013,1,1,29215,43,2011464183.00,179,97,122,C#,Minor,66,48,71,6,0,12,4
Wake Me Up - Radio Edit,Avicii,1,2013,1,1,50887,34,1970673297.00,315,160,124,D,Major,53,66,78,0,0,16,5
Do I Wanna Know?,Arctic Monkeys,1,2013,1,1,33783,26,1788326445.00,133,92,85,F,Major,55,42,53,17,0,22,3
I Wanna Be Yours,Arctic Monkeys,1,2013,1,1,12859,110,1297026226.00,24,98,135,,Minor,48,44,42,12,2,11,3
Why'd You Only Call Me When You're High?,Arctic Monkeys,1,2013,1,1,23389,29,1267333350.00,54,70,92,D,Major,70,81,63,4,0,8,4
Get Lucky - Radio Edit,Pharrell Williams,3,2013,1,1,52898,0,933815613.00,203,1,116,F#,Minor,79,87,81,4,0,10,4
Santa Tell Me,Ariana Grande,1,2013,12,13,9408,0,834129063.00,231,106,133,G,Major,46,53,63,5,0,30,18
Bound 2,Kanye West,1,2013,1,1,19806,7,703301727.00,33,11,149,C#,Major,37,28,66,14,0,9,5
Underneath the Tree,Kelly Clarkson,1,2013,10,25,6596,0,485285717.00,144,99,160,G#,Major,51,69,81,0,0,21,5
Ginseng Strip 2002,Yung Lean,1,2013,8,16,4310,0,240769997.00,13,0,115,C#,Major,60,37,71,8,0,48,4
Thinking with My Dick,Kevin Gates,2,2013,7,16,1550,0,109091573.00,0,0,81,,Major,77,68,70,6,0,17,20
Thinking Out Loud,Ed Sheeran,1,2014,1,1,33032,0,2280566092.00,363,129,79,D,Major,78,58,45,47,0,18,3
Photograph,Ed Sheeran,1,2014,6,20,18778,3,2236667932.00,228,105,108,E,Major,61,20,38,61,0,10,5
No Role Modelz,J. Cole,1,2014,12,9,21164,36,1791000570.00,80,65,100,A#,Minor,70,47,52,30,0,6,33
I'm Not The Only One,Sam Smith,1,2014,1,1,17492,3,1606986953.00,136,24,82,F,Major,68,50,49,56,0,8,4
The Nights,Avicii,1,2014,1,1,17354,8,1456081449.00,92,122,126,F#,Major,53,66,85,2,0,24,4
Blank Space,Taylor Swift,1,2014,1,1,11434,53,1355959075.00,154,123,96,F,Major,75,57,68,9,0,13,6
Night Changes,One Direction,1,2014,11,17,7124,18,1131090940.00,60,20,120,G#,Major,67,40,52,86,0,12,4
Shake It Off,Taylor Swift,1,2014,1,1,21335,13,1113838873.00,328,70,160,G,Major,65,95,80,5,0,41,16
I Love You So,The Walters,1,2014,11,28,7536,7,972164968.00,44,19,76,A#,Major,58,46,67,65,0,13,4
Style,Taylor Swift,1,2014,1,1,7830,42,786181836.00,94,111,95,D,Major,60,48,79,0,0,12,4
After Dark,Mr.Kitty,1,2014,8,8,1776,14,646886885.00,1,9,140,G#,Major,58,4,60,7,41,8,3
Only Love Can Hurt Like This,Paloma Faith,1,2014,1,1,5148,0,588955257.00,90,22,91,G#,Major,57,30,89,10,0,33,8
Lovers Rock,TV Girl,1,2014,6,5,6339,13,466231982.00,3,1,105,F,Minor,56,57,87,0,1,10,4
Love Yourself,Justin Bieber,1,2015,11,9,22730,5,2123309722.00,289,87,100,E,Major,61,53,38,84,0,28,44
The Hills,The Weeknd,1,2015,5,27,25744,4,1947371785.00,122,94,136,,Minor,36,12,57,9,0,14,8
The Night We Met,Lord Huron,1,2015,2,2,18515,35,1410088830.00,70,82,174,D,Major,45,10,37,97,25,64,4
Daddy Issues,The Neighbourhood,1,2015,10,30,9771,4,1127468248.00,42,70,85,A#,Major,59,33,52,7,15,12,3
Wait a Minute!,Willow,1,2015,1,11,11985,0,924193303.00,79,80,101,D#,Minor,76,63,71,3,0,10,3
Freaks,Surf Curse,1,2015,5,10,3006,3,824420218.00,23,21,180,A,Major,35,41,94,0,63,5,5
Space Song,Beach House,1,2015,1,1,17852,4,789753877.00,69,76,147,,Minor,51,62,79,22,13,14,3
Cool for the Summer,Demi Lovato,1,2015,1,1,9243,0,677389855.00,155,5,114,F,Minor,59,30,62,1,0,8,4
Atlantis,Seafret,1,2015,4,22,3045,6,571386359.00,43,53,166,G#,Minor,40,23,48,5,0,12,3
Alien Blues,Vundabar,1,2015,7,24,1930,0,370068639.00,3,0,82,D#,Major,47,44,76,8,91,9,3
Makeba,Jain,1,2015,6,22,6060,53,165484133.00,150,148,116,D,Major,82,40,66,39,51,25,7
One Dance,Drake,3,2016,4,4,43257,24,2713922350.00,433,107,104,C#,Major,77,36,63,1,0,36,5
Closer,The Chainsmokers,2,2016,5,31,28032,0,2591224264.00,315,159,95,G#,Major,75,64,52,41,0,11,3
Starboy,The Weeknd,2,2016,9,21,29536,79,2565529693.00,281,137,186,G,Major,68,49,59,16,0,13,28
Say You Won't Let Go,James Arthur,1,2016,9,9,15722,16,2420461338.00,231,37,99,A#,Major,40,45,56,69,0,9,5
There's Nothing Holdin' Me Back,Shawn Mendes,1,2016,9,23,12382,0,1714490998.00,229,57,122,D,Major,86,97,80,36,0,9,6
Die For You,The Weeknd,1,2016,11,24,2483,59,1647990401.00,68,21,134,C#,Minor,59,51,52,9,0,15,7
No Lie,Sean Paul,2,2016,11,18,7370,0,956865266.00,92,127,102,G,Major,74,45,89,5,0,26,13
Unstoppable,Sia,1,2016,1,21,7681,13,939844851.00,119,66,174,A,Major,47,27,78,11,0,10,8
Pink + White,Frank Ocean,1,2016,8,20,21574,30,806397070.00,112,68,160,A,Major,54,54,55,67,0,42,11
Reminder,The Weeknd,1,2016,11,25,6518,17,684675814.00,45,85,160,G#,Major,71,40,50,16,0,16,22
Stargirl Interlude,The Weeknd,2,2016,11,24,1275,32,611700552.00,13,8,90,F,Minor,59,52,48,38,5,10,11
House Of Memories,Panic! At The Disco,1,2016,1,15,2948,0,582863434.00,10,2,110,B,Minor,51,48,82,0,0,5,3
"Sex, Drugs, Etc.",Beach Weather,1,2016,11,4,3006,16,480507035.00,47,60,144,E,Minor,57,47,84,1,1,52,4
Me and Your Mama,Childish Gambino,1,2016,11,10,8775,0,445590495.00,33,60,118,F,Major,56,25,45,1,3,7,3
Notion,The Rare Occasions,1,2016,8,5,2393,0,421135627.00,22,13,160,A,Major,31,30,88,7,0,8,8
Selfish,PnB Rock,1,2016,6,23,2468,0,380319238.00,15,0,102,C#,Minor,64,4,60,11,0,19,4
Pope Is a Rockstar,SALES,1,2016,4,20,1966,0,156658366.00,4,2,90,E,Minor,73,31,45,85,24,11,3
"Hey, Mickey!",Baby Tate,1,2016,9,27,482,0,122763672.00,9,1,135,D,Major,92,73,51,55,0,15,6
Shape of You,Ed Sheeran,1,2017,1,6,32181,10,3562543890.00,33,0,96,C#,Minor,83,93,65,58,0,9,8
Believer,Imagine Dragons,1,2017,1,31,18986,23,2594040133.00,250,121,125,A#,Minor,77,74,78,4,0,23,11
Perfect,Ed Sheeran,1,2017,1,1,16596,13,2559529074.00,7,0,95,G#,Major,60,17,45,16,0,11,2
lovely - Bonus Track,Billie Eilish,2,2017,8,11,15032,30,2355719893.00,221,96,115,E,Minor,35,12,30,93,0,10,3
Lucid Dreams,Juice WRLD,1,2017,6,15,14749,0,2288695111.00,188,34,84,B,Minor,44,22,48,38,0,33,24
Something Just Like This,The Chainsmokers,2,2017,2,22,23375,21,2204080728.00,336,188,103,B,Minor,61,47,65,3,0,17,4
HUMBLE.,Kendrick Lamar,1,2017,3,30,33206,1,1929770265.00,284,114,150,C#,Minor,91,42,60,0,0,9,12
One Kiss (with Dua Lipa),Calvin Harris,2,2017,6,2,27705,10,1897517891.00,537,122,124,A,Minor,79,59,86,4,0,8,11
Cold Heart - PNAU Remix,Dua Lipa,3,2017,11,10,21097,52,1605224506.00,384,135,116,C#,Major,80,92,80,4,0,10,3
Beggin,Mne,1,2017,12,8,8559,0,1367810478.00,183,64,134,B,Minor,71,59,80,13,0,36,5
Dandelions,Ruth B.,1,2017,4,28,3423,21,1116995633.00,41,100,117,C#,Major,61,45,69,2,0,9,3
See You Again,Tyler,3,2017,7,21,13387,64,1047101291.00,77,58,79,F#,Major,56,58,56,37,0,11,10
Revenge,XXXTENTACION,1,2017,8,25,3600,11,1022258230.00,7,0,140,B,Minor,75,18,25,78,0,11,26
Dark Red,Steve Lacy,1,2017,2,20,10431,7,920045682.00,71,53,172,F#,Major,60,77,78,45,0,12,6
Infinity,Jaymes Young,1,2017,6,23,4375,0,888046992.00,24,0,122,B,Minor,67,50,67,15,0,30,4
Apocalypse,Cigarettes After Sex,1,2017,3,21,13091,17,841749534.00,61,96,94,F,Major,37,17,47,2,46,11,3
Bored,Billie Eilish,1,2017,3,30,4204,0,777765388.00,39,45,120,G,Major,60,11,33,90,0,8,5
Snowman,Sia,1,2017,1,1,5140,0,690104769.00,85,110,105,C#,Major,72,33,51,48,0,9,3
Dont Bl,Taylor Swift,1,2017,11,8,4875,23,685032533.00,19,45,136,A,Minor,62,19,53,11,0,6,4
Swim,Chase Atlantic,1,2017,10,4,2742,0,498960285.00,5,1,120,G#,Major,67,8,54,27,0,8,4
Hold Me Closer,Elton John,2,2017,11,10,4967,0,284216603.00,165,10,126,,Major,67,49,77,11,0,19,11
Good Looking,Suki Waterhouse,1,2017,10,20,2264,0,184706613.00,11,6,150,E,Major,37,27,56,8,0,13,3
Merry Christmas,Ed Sheeran,2,2017,11,10,2209,0,135723538.00,72,90,114,,Major,59,60,94,24,0,10,4
Someone You Loved,Lewis Capaldi,1,2018,11,8,17836,53,2887241814.00,440,125,110,C#,Major,50,45,41,75,0,11,3
Sunflower - Spider-Man: Into the Spider-Verse,Post Malone,2,2018,10,9,24094,78,2808096550.00,372,117,90,D,Major,76,91,50,54,0,7,5
Shallow,Lady Gaga,2,2018,9,27,16636,12,2159346687.00,368,155,96,G,Major,57,30,40,38,0,26,3
Call Out My Name,The Weeknd,1,2018,3,29,11087,6,1449799467.00,151,107,134,C#,Major,45,17,60,21,0,33,4
Let Me Down Slowly,Alec Benjamin,1,2018,5,25,5897,19,1374581173.00,0,0,150,C#,Minor,65,51,55,73,0,14,3
Hope,XXXTENTACION,1,2018,3,16,3659,0,1200808494.00,11,10,146,A,Minor,59,23,46,66,0,15,6
SLOW DANCING IN THE DARK,Joji,1,2018,9,12,10211,0,1122364376.00,38,79,89,D#,Major,52,28,48,54,1,19,3
we fell in love in october,girl in red,1,2018,11,21,6858,0,723043854.00,31,21,130,G,Major,57,24,37,11,18,16,3
I Was Never There,The Weeknd,2,2018,3,29,4188,15,705469769.00,30,70,114,A#,Major,32,17,74,14,0,17,3
Softcore,The Neighbourhood,1,2018,3,9,3947,12,599770206.00,33,102,94,D,Major,57,36,58,5,0,15,3
Blinding Lights,The Weeknd,1,2019,11,29,43899,69,3703895074.00,672,199,171,C#,Major,50,38,80,0,0,9,7
Dance Monkey,Tones and I,1,2019,5,10,24529,0,2864791672.00,533,167,98,F#,Minor,82,54,59,69,0,18,10
Seo,Shawn Mendes,2,2019,6,19,15010,2,2484812918.00,453,50,117,A,Minor,76,77,52,4,0,8,3
Watermelon Sugar,Harry Styles,1,2019,11,17,21915,34,2322580122.00,437,115,95,,Major,55,56,82,12,0,34,5
Don't Start Now,Dua Lipa,1,2019,10,31,27119,0,2303033973.00,532,77,124,B,Minor,79,68,79,1,0,10,8
Circles,Post Malone,1,2019,8,30,19664,16,2132335812.00,391,73,120,,Major,70,59,75,24,0,9,4
Memories,Maroon 5,1,2019,9,20,9974,2,1759567999.00,272,67,91,B,Major,77,60,32,84,0,8,5
Before You Go,Lewis Capaldi,1,2019,11,1,8327,24,1608045237.00,205,130,112,D#,Major,45,19,60,63,0,9,6
Adore You,Harry Styles,1,2019,12,6,13454,1,1439191367.00,246,71,99,G#,Major,68,57,77,2,0,10,5
LA CANCI,J Balvin,2,2019,6,28,6398,31,1435127549.00,177,109,176,G,Major,75,43,65,15,0,11,32
Callaita,Bad Bunny,2,2019,5,31,9539,15,1304313953.00,162,116,176,D,Major,61,24,62,60,0,24,31
Astronaut In The Ocean,Masked Wolf,1,2019,1,1,7191,0,1138474110.00,146,18,150,E,Minor,78,47,70,18,0,15,9
Boy With Luv (feat. Halsey),Halsey,2,2019,4,12,4260,0,1065580332.00,113,92,120,B,Minor,65,80,86,9,0,19,10
Falling,Harry Styles,1,2019,12,13,7556,0,1023187129.00,124,24,110,E,Major,57,6,27,84,0,9,3
Arcade,Duncan Laurence,1,2019,3,7,6646,0,991336132.00,107,47,72,A,Minor,45,27,33,82,0,14,4
Under The Influence,Chris Brown,1,2019,10,4,3859,26,929964809.00,133,181,117,A,Minor,73,31,69,6,0,11,4
Streets,Doja Cat,1,2019,11,7,5728,0,865640097.00,85,87,90,B,Major,75,19,46,21,4,34,8
Golden,Harry Styles,1,2019,12,13,8429,1,807015863.00,85,24,140,E,Minor,45,25,84,21,0,13,6
Cruel Summer,Taylor Swift,1,2019,8,23,7858,100,800840817.00,116,207,170,A,Major,55,58,72,11,0,11,15
love nwantiti (ah ah ah),Ckay,1,2019,7,26,5669,2,726837877.00,74,0,93,F,Minor,74,53,73,61,0,13,4
Lost in the Fire,The Weeknd,2,2019,1,11,7731,2,686734357.00,110,145,101,D,Major,66,18,68,9,0,12,4
Still Don't Know My Name,Labrinth,1,2019,10,4,6332,0,563902868.00,47,116,88,F,Major,31,31,63,47,27,21,12
Formula,Labrinth,1,2019,10,4,3444,7,554875730.00,24,85,145,B,Major,57,23,66,4,6,15,4
Love Nwantiti - Remix,Ckay,3,2019,8,30,2696,0,540539717.00,42,2,120,G#,Major,58,44,60,44,9,5,6
Mount Everest,Labrinth,1,2019,6,21,5443,0,467727006.00,45,1,89,,Minor,46,43,43,23,8,8,22
NEW MAGIC WAND,Tyler,2,2019,5,16,4708,0,461437791.00,13,7,140,F,Minor,62,46,73,10,0,67,11
All For Us - from the HBO Original Series Euphoria,Labrinth,2,2019,8,4,5342,0,426204830.00,33,123,141,D#,Major,37,17,67,2,0,34,9
Those Eyes,New West,1,2019,5,10,1507,14,411747614.00,24,71,120,E,Major,60,24,35,73,0,31,3
Mary On A Cross,Ghost,1,2019,9,13,2668,2,387080183.00,38,266,130,B,Major,47,56,90,0,0,10,4
Forever,Labrinth,1,2019,10,4,3618,0,282883169.00,21,86,80,E,Minor,56,19,46,92,72,11,3
Car's Outside,James Arthur,1,2019,10,18,794,10,265882712.00,38,25,150,A,Major,34,24,56,4,0,11,3
San Lucas,Kevin Kaarl,1,2019,11,7,407,1,244891912.00,5,0,92,G,Major,58,27,36,86,0,9,3
Heart To Heart,Mac DeMarco,1,2019,5,10,1640,0,244658767.00,27,27,150,G#,Minor,90,64,14,67,35,11,10
Tom's Diner,AnnenMayKantereit,2,2019,6,28,2605,0,236872197.00,15,48,98,F#,Minor,68,33,43,38,0,36,14
When I R.I.P.,Labrinth,1,2019,10,4,2578,0,203680270.00,8,67,80,G#,Minor,39,45,55,73,0,9,21
All Of The Girls You Loved Before,Taylor Swift,1,2019,8,23,1282,6,185240616.00,26,6,96,D,Major,72,40,47,71,0,13,4
Heat Waves,Glass Animals,1,2020,6,28,22543,63,2557975762.00,386,144,81,B,Major,76,53,53,44,0,9,9
Levitating (feat. DaBaby),Dua Lipa,2,2020,3,27,15894,8,1802514301.00,198,13,103,F#,Minor,70,92,83,1,0,7,6
Dakiti,Bad Bunny,2,2020,10,30,11215,21,1763363713.00,189,166,110,E,Minor,73,14,57,40,0,11,5
MONTERO (Call Me By Your Name),Lil Nas X,1,2020,9,18,12329,0,1735441776.00,275,19,179,G#,Minor,61,76,51,30,0,38,15
Mood (feat. Iann Dior),24kgoldn,2,2020,7,24,12854,0,1699402402.00,237,27,91,G,Minor,70,76,72,22,0,27,4
Dynamite,BTS,1,2020,8,21,8528,5,1692897992.00,239,163,114,F#,Minor,75,74,77,1,0,9,10
Save Your Tears,The Weeknd,1,2020,3,20,12688,13,1591223784.00,197,115,118,,Major,68,61,82,2,0,50,3
Bad Habits,Ed Sheeran,1,2020,9,3,12755,8,1555511105.00,344,97,126,B,Minor,81,59,90,5,0,36,3
Heather,Conan Gray,1,2020,3,20,6170,7,1301799902.00,82,1,92,F,Major,47,25,43,62,0,32,3
positions,Ariana Grande,1,2020,10,23,8207,0,1252563873.00,175,55,144,,Major,73,66,80,44,0,9,12
Save Your Tears (with Ariana Grande) (Remix),Ariana Grande,2,2020,3,20,9161,5,1221813483.00,240,98,118,,Major,65,63,79,3,0,10,3
Contection,GODZZ__-,2,2020,1,16,6955,0,1180896317.00,65,45,166,A#,Minor,81,83,75,14,0,29,34
you broke me first,Tate McRae,1,2020,4,17,6638,0,1180094974.00,167,19,124,E,Major,64,8,37,79,0,9,5
Todo De Ti,Rauw Alejandro,1,2020,11,2,11975,8,1168642797.00,188,75,128,D#,Minor,81,57,63,40,1,10,4
The Business,Ti,1,2020,1,1,14311,0,1062345656.00,255,32,120,G#,Minor,80,24,62,41,2,11,23
HEARTBREAK ANNIVERSARY,Giveon,1,2020,2,21,5398,4,951637566.00,111,127,129,,Major,61,59,46,56,0,13,5
MIDDLE OF THE NIGHT,Elley Duh,1,2020,1,10,4057,8,872137015.00,78,21,186,E,Minor,41,9,61,2,0,12,5
Good Days,SZA,1,2020,12,24,10426,2,826623384.00,133,109,121,C#,Minor,46,53,78,23,0,72,6
cardigan,Taylor Swift,1,2020,7,24,7923,29,812019557.00,106,112,130,,Minor,61,53,58,55,0,27,4
Levitating,Dua Lipa,1,2020,3,27,9833,0,797196073.00,233,82,103,F#,Minor,69,90,88,5,0,29,8
La Santa,Daddy Yankee,2,2020,2,29,4890,20,759208783.00,52,42,93,C#,Major,74,59,87,3,0,8,5
After Hours,The Weeknd,1,2020,2,19,8084,6,698086140.00,45,115,109,F,Minor,66,16,57,10,1,12,3
A Tu Merced,Bad Bunny,1,2020,2,29,4214,11,685071800.00,21,20,92,,Major,86,89,79,17,0,11,6
august,Taylor Swift,1,2020,7,24,7324,22,607123776.00,25,81,90,F,Major,51,42,61,53,0,9,3
Mon Amour - Remix,Aitana,2,2020,9,21,3221,2,578207856.00,67,13,116,D,Major,75,36,76,12,0,10,10
Angels Like You,Miley Cyrus,1,2020,11,27,3372,19,570515054.00,65,48,122,F,Major,67,49,64,10,0,10,3
Meet Me At Our Spot,THE ANXIETY,3,2020,3,13,6734,0,530511203.00,47,14,95,D,Major,77,40,47,2,0,9,3
Sky,Playboi Carti,1,2020,12,25,3297,3,506778838.00,25,3,140,D,Major,79,56,91,26,0,13,21
Life Goes On,Oliver Tree,1,2020,7,17,2868,0,501541661.00,43,15,80,,Major,70,57,49,19,0,12,8
Shut up My Moms Calling,Hotel Ugly,1,2020,2,10,1788,14,405136812.00,1,50,139,A,Minor,48,37,41,32,0,10,10
,Fujii Kaze,1,2020,5,20,685,14,403097450.00,24,94,158,F#,Minor,60,52,76,17,0,19,5
Demasiadas Mujeres,C. Tangana,1,2020,10,8,2226,0,339473453.00,36,2,126,A,Minor,67,37,46,13,0,10,39
Excuses,Intense,3,2020,7,24,272,4,327498031.00,7,21,95,F,Minor,84,49,72,8,0,15,8
La Zona,Bad Bunny,1,2020,2,29,1188,0,312622938.00,13,1,94,C#,Minor,76,81,80,20,0,25,4
Caile,Luar La L,1,2020,12,18,1494,2,273914335.00,17,12,122,,Major,70,46,76,30,0,9,45
I Really Want to Stay at Your House,Rosa Walton,2,2020,12,18,668,1,140430339.00,0,0,125,D#,Minor,49,13,74,0,0,9,4
Still With You,Jung Kook,1,2020,6,5,31,39,38411956.00,2,107,88,C#,Minor,53,34,47,9,0,83,4
STAY (with Justin Bieber),Justin Bieber,2,2021,7,9,17050,36,2665343922.00,492,99,170,C#,Major,59,48,76,4,0,10,5
good 4 u,Olivia Rodrigo,1,2021,5,14,15563,6,1887039593.00,259,55,166,F#,Minor,56,68,66,28,0,11,18
drivers license,Olivia Rodrigo,1,2021,1,8,12685,3,1858144199.00,185,61,144,A#,Major,59,21,43,76,0,10,7
INDUSTRY BABY (feat. Jack Harlow),Jack Harlow,2,2021,7,23,13315,0,1814349763.00,300,47,150,D#,Minor,74,89,70,2,0,5,6
Kiss Me More (feat. SZA),SZA,2,2021,4,9,15867,0,1575467011.00,382,65,111,G#,Major,77,74,66,30,0,13,3
Peaches (feat. Daniel Caesar & Giveon),Justin Bieber,3,2021,3,19,14140,0,1445941661.00,231,52,90,,Major,63,49,68,38,0,42,18
Easy On Me,Adele,1,2021,10,14,10195,20,1406111294.00,258,87,142,F,Major,60,13,37,58,0,13,3
Woman,Doja Cat,1,2021,6,25,9424,0,1329090101.00,202,50,108,F,Minor,82,88,76,9,0,12,9
Pepas,Farruko,1,2021,6,24,14114,17,1309887447.00,252,109,130,G,Major,76,44,77,1,0,13,3
Shivers,Ed Sheeran,1,2021,9,9,10147,30,1302184087.00,234,71,141,D,Major,79,82,86,28,0,4,9
Yonaguni,Bad Bunny,1,2021,6,4,9644,28,1260594497.00,120,86,180,C#,Major,64,44,65,28,0,14,12
deja vu,Olivia Rodrigo,1,2021,4,1,7545,4,1256880657.00,117,39,181,A,Major,44,22,60,61,0,42,9
traitor,Juan Cruz Toledo,2,2021,5,21,5257,6,1230855859.00,85,43,176,D#,Major,29,12,33,68,0,12,5
Enemy (with JID) - from the series Arcane League of Legends,Imagine Dragons,4,2021,9,3,6180,7,1223481149.00,122,88,77,B,Minor,72,59,76,24,0,42,28
Enemy - from the series Arcane League of Legends,Imagine Dragons,3,2021,10,27,824,0,1223481149.00,8,8,77,G,Major,73,54,74,23,0,41,23
Ghost,Justin Bieber,1,2021,3,19,5866,24,1167330737.00,107,38,154,D,Major,61,41,74,21,0,40,6
Butter,BTS,1,2021,5,21,4779,6,1143647827.00,180,135,110,G#,Major,79,70,36,0,0,6,11
Leave The Door Open,Bruno Mars,3,2021,3,5,14417,0,1115880852.00,237,123,148,F,Major,59,72,62,18,0,9,3
My Universe,Coldplay,2,2021,9,24,6127,13,1061966512.00,0,0,105,A,Major,58,42,68,1,0,14,4
Happier Than Ever,Billie Eilish,1,2021,7,30,8476,0,1056760045.00,138,133,65,,Major,31,31,24,76,0,14,4
Need To Know,Doja Cat,1,2021,6,11,6672,0,1042568408.00,125,36,130,C#,Major,66,19,61,30,0,9,7
abcdefu,Gayle,1,2021,8,13,7215,0,1007612429.00,170,12,122,E,Major,70,42,54,30,0,37,5
Where Are You Now,Lost Frequencies,2,2021,7,30,10565,44,972509632.00,238,122,121,F#,Minor,67,26,64,52,0,17,10
THATS WHAT I WANT,Lil Nas X,1,2021,9,17,7963,0,920797189.00,173,7,88,C#,Minor,74,55,85,1,0,5,22
Friday (feat. Mufasa & Hypeman) - Dopamine Re-Edit,Riton,4,2021,1,15,12043,0,863756573.00,209,54,123,D,Major,82,80,86,1,0,30,13
MONEY,Lisa,1,2021,9,10,2566,13,863625566.00,44,109,140,C#,Minor,83,40,55,16,0,14,23
I WANNA BE YOUR SLAVE,Mne,1,2021,3,19,4873,0,851070493.00,65,88,133,C#,Major,75,96,61,0,0,18,4
happier,Olivia Rodrigo,1,2021,5,21,3069,4,850608354.00,25,46,169,F#,Major,39,36,45,81,0,8,13
Bones,Imagine Dragons,1,2021,3,11,4198,44,838079900.00,98,108,114,F,Minor,77,65,72,2,0,7,5
Desesperados,Chencho Corleone,2,2021,6,25,6821,34,809306935.00,83,58,90,C#,Minor,87,51,69,36,0,9,8
RAPSTAR,Polo G,1,2021,4,9,4731,0,797402345.00,141,12,81,F#,Major,79,44,54,41,0,13,24
favorite crime,Olivia Rodrigo,1,2021,5,21,3681,0,783706581.00,20,21,173,A,Major,40,19,29,86,0,34,4
Lo Siento BB:/ (with Bad Bunny & Julieta Venegas),Julieta Venegas,3,2021,10,5,3423,26,775542072.00,61,65,170,E,Minor,64,14,70,9,0,9,8
Until I Found You,Stephen Sanchez,1,2021,9,1,4427,4,726434358.00,69,100,202,A#,Major,34,25,51,69,0,18,4
Qu M,J Balvin,2,2021,1,28,8087,0,720825549.00,92,34,102,G#,Major,89,77,82,3,0,17,11
Do It To It,Cherish,2,2021,8,20,12403,0,674772936.00,183,63,125,B,Minor,85,64,81,2,5,7,9
Volv,Aventura,2,2021,8,3,5375,10,673801126.00,138,24,176,C#,Major,73,79,86,42,0,7,18
You Right,Doja Cat,2,2021,6,24,5073,0,672656250.00,83,9,129,G#,Major,83,44,62,2,0,8,6
"jealousy, jealousy",Olivia Rodrigo,1,2021,5,21,3257,0,665765558.00,10,0,164,A#,Minor,70,71,58,24,0,7,13
The Motto,Tisto,2,2021,11,4,9151,6,656013912.00,240,107,118,G,Minor,75,46,76,3,0,9,4
Sunroof,Nicky Youre,2,2021,12,3,3741,17,652704649.00,156,35,131,A#,Major,77,84,71,35,0,15,4
Leave Before You Love Me (with Jonas Brothers),Marshmello,2,2021,4,28,4893,4,651732901.00,143,24,120,G,Major,72,67,72,0,0,13,4
2055,Sleepy hallow,1,2021,4,14,2226,0,624515457.00,29,0,161,F#,Minor,78,65,52,46,0,12,31
Moth To A Flame (with The Weeknd),The Weeknd,2,2021,10,22,7495,17,611994237.00,114,172,120,,Minor,56,16,67,0,0,11,4
Volando - Remix,Sech,3,2021,7,8,3272,19,610045621.00,101,34,154,F#,Major,66,63,69,21,0,11,7
Permission to Dance,BTS,1,2021,7,9,1801,2,608334048.00,77,134,125,A,Major,70,65,74,1,0,34,4
Min,Tini,2,2021,4,29,3406,16,596152090.00,61,23,92,D,Major,85,92,54,16,0,29,7
Knife Talk (with 21 Savage ft. Project Pat),Drake,3,2021,9,3,5199,0,594482982.00,45,43,146,F,Minor,85,22,37,13,0,7,30
Fair Trade (with Travis Scott),Drake,2,2021,9,3,5403,6,593917618.00,118,116,168,C#,Major,67,29,47,5,0,22,26
All Too Well (10 Minute Version) (Taylor's Version) (From The Vault),Taylor Swift,1,2021,11,12,4635,5,583687007.00,50,49,93,,Major,63,21,52,28,0,9,3
Toxic,BoyWithUke,1,2021,9,10,1795,0,582981380.00,34,23,180,G#,Minor,59,69,61,84,0,46,36
Don't Be Shy,Tisto,2,2021,8,1,6026,0,566954746.00,171,51,120,B,Minor,77,51,79,20,0,26,6
family ties (with Kendrick Lamar),Kendrick Lamar,2,2021,8,27,6308,5,560222750.00,114,15,134,C#,Major,71,14,61,1,0,23,33
Envolver,Anitta,1,2021,11,11,4673,2,546191065.00,123,113,92,E,Minor,81,40,73,15,0,9,8
One Right Now (with The Weeknd),The Weeknd,2,2021,11,5,4771,0,539595276.00,68,18,97,C#,Major,68,72,78,4,0,7,5
AM Remix,J Balvin,3,2021,6,24,6556,0,528544703.00,93,5,172,F#,Minor,74,79,66,11,0,8,16
Get Into It (Yuh),Doja Cat,1,2021,6,25,4999,0,516784627.00,43,19,92,G#,Minor,91,79,66,32,0,9,16
Sobrio,Maluma,1,2021,7,8,3506,10,513643924.00,103,76,178,F,Major,76,63,77,14,0,15,22
Tacones Rojos,Sebastian Yatra,1,2021,10,22,3047,9,510876816.00,77,31,123,B,Minor,75,93,86,8,0,14,3
Ain't Shit,Doja Cat,1,2021,6,25,3436,0,499710590.00,32,6,124,D#,Major,86,62,49,51,0,35,21
Way 2 Sexy (with Future & Young Thug),Drake,3,2021,9,3,5481,0,489945871.00,144,30,136,B,Minor,80,33,60,0,0,32,14
Oh My God,Adele,1,2021,11,19,4431,0,466214729.00,105,7,88,C#,Major,53,55,73,9,0,3,5
C,Rauw Alejandro,1,2021,6,25,2636,3,465959382.00,36,82,102,A,Minor,77,26,63,58,0,11,5
Nostl,Chris Brown,3,2021,9,8,2780,2,436695353.00,86,76,98,A,Minor,73,60,85,17,0,24,5
We Don't Talk About Bruno,Adassa,7,2021,11,19,2785,0,432719968.00,95,89,206,,Minor,58,83,45,36,0,11,8
Take My Breath,The Weeknd,1,2021,8,6,6392,0,432702334.00,174,73,121,G#,Major,75,53,74,2,0,11,5
OUT OUT (feat. Charli XCX & Saweetie),Charli XCX,4,2021,8,13,6890,0,427486004.00,122,11,124,G#,Minor,79,79,84,2,0,5,5
Thunder,Prezioso,3,2021,5,7,4846,10,422691058.00,54,16,101,C#,Major,67,40,90,3,0,34,6
Better Days (NEIKED x Mae Muller x Polo G),NEIKED,3,2021,9,24,4091,0,421040617.00,105,2,110,,Minor,72,67,68,0,0,14,4
The Color Violet,Tory Lanez,1,2021,12,10,2585,32,415932686.00,3,79,105,F#,Minor,65,46,53,16,0,9,5
Happier Than Ever - Edit,Billie Eilish,1,2021,7,28,1959,0,412795151.00,19,0,81,,Major,45,12,57,7,0,23,3
Angel Baby,Troye Sivan,1,2021,9,9,1959,9,408843328.00,52,25,145,B,Major,56,41,57,1,0,13,3
Jordan,Ryan Castro,1,2021,4,30,2844,2,394030335.00,29,2,180,A#,Minor,80,71,68,6,0,10,37
Medallo,Justin Quiles,3,2021,10,27,2780,2,393230256.00,54,21,90,E,Minor,79,79,70,57,0,66,8
Smokin Out The Window,Bruno Mars,3,2021,11,5,4963,0,383550148.00,63,40,82,D,Major,63,85,62,6,0,35,4
Praise God,Kanye West,1,2021,8,29,4651,0,376333030.00,24,6,118,C#,Major,80,21,55,1,0,26,17
LA FAMA (with The Weeknd),The Weeknd,2,2021,11,11,4640,3,374706940.00,81,93,136,,Minor,77,82,30,95,0,13,5
"Tiago PZK: Bzrp Music Sessions, Vol. 48",Bizarrap,2,2021,12,29,1678,12,374191487.00,20,4,96,C#,Minor,66,76,82,47,0,10,32
Acapulco,Jason Derulo,1,2021,9,1,3098,0,363467642.00,111,5,122,A#,Major,77,51,79,5,0,16,5
METAMORPHOSIS,INTERWORLD,1,2021,11,25,1561,24,357580552.00,18,78,175,G,Minor,59,15,64,43,90,12,10
I Hate U,SZA,1,2021,12,3,4094,0,356709897.00,66,96,107,G,Minor,54,41,39,51,0,11,16
Ley Seca,Anuel Aa,2,2021,9,2,2012,0,355219175.00,101,12,105,G#,Major,76,58,84,10,0,13,10
Sad Girlz Luv Money Remix (feat. Kali Uchis),Kali Uchis,3,2021,9,16,3643,0,354065229.00,69,3,110,C#,Minor,86,31,53,43,0,11,6
You Belong With Me (Taylors Ve,Taylor Swift,1,2021,4,9,2619,12,350381515.00,47,90,130,F#,Major,63,49,73,5,0,9,3
this is what falling in love feels like,JVKE,1,2021,9,3,2005,0,346127840.00,16,5,129,B,Major,42,33,44,62,0,8,6
The Feels,TWICE,1,2021,10,1,1150,0,345903614.00,20,99,120,A,Major,81,92,90,9,0,8,7
Super Gremlin,Kodak Black,1,2021,10,30,2551,0,342779426.00,52,15,73,D,Major,83,11,41,0,0,36,14
Por las Noches,Peso Pluma,1,2021,6,11,457,24,330346424.00,8,116,92,,Major,81,39,60,31,0,7,3
Christmas Tree,V,1,2021,12,24,509,9,317622165.00,8,106,139,F,Major,44,18,38,70,0,12,4
Every Summertime,NIKI,1,2021,8,10,1211,2,290228626.00,30,2,79,F#,Major,63,76,67,38,0,6,4
It'll Be Okay,Shawn Mendes,1,2021,12,1,1950,0,287201015.00,56,8,78,G,Major,40,7,29,62,0,9,3
Surface Pressure,Jessica Darrow,1,2021,11,19,1756,0,267758538.00,38,48,180,D,Major,65,37,58,2,0,4,31
Vai L Em Casa ,Marlia Mendona,2,2021,10,22,772,0,263894529.00,7,3,158,G#,Minor,46,62,83,53,0,97,28
Mony so,YEAT,1,2021,9,10,1473,0,263779030.00,2,0,138,D,Major,69,35,57,12,0,10,9
Salimo de Noche,Trueno,2,2021,10,21,1057,0,261414174.00,17,5,84,D,Major,67,78,63,29,0,12,5
Peru,Ed Sheeran,2,2021,12,23,2999,0,261286503.00,60,17,108,G,Minor,96,71,42,57,0,8,9
Esquea-Me Se For C,Marlia Mendona,2,2021,10,14,580,0,258316038.00,24,92,122,F#,Minor,80,62,69,28,0,13,7
Down Under (feat. Colin Hay),Luude,2,2021,11,19,3541,2,252871192.00,57,13,172,B,Minor,31,4,86,1,0,28,17
ELEVEN,IVE,1,2021,12,1,521,1,247737946.00,17,89,120,A,Major,83,59,73,6,0,5,11
TO THE MOON,Jnr Choi,1,2021,11,5,2979,0,245095641.00,44,0,144,D,Major,74,39,65,5,1,11,35
Malvad,Xam,3,2021,11,30,648,1,240684449.00,14,3,133,F#,Minor,82,52,61,38,0,14,27
Mujeriego,Ryan Castro,1,2021,12,17,1492,0,231996128.00,44,63,80,A,Major,76,92,62,6,0,8,13
When Im Gone (with Katy ,Katy Perry,2,2021,12,29,3270,0,226897599.00,89,21,125,,Major,69,70,89,4,0,49,3
I AM WOMAN,Emmy Meli,1,2021,11,18,2795,0,225259194.00,45,0,170,A#,Major,65,46,47,12,0,13,16
Se Le Ve,Arcangel,8,2021,8,12,1560,0,223319934.00,72,0,84,G,Minor,56,61,76,10,0,14,11
Problem,Alvaro Diaz,2,2021,10,22,1517,0,209768491.00,42,7,92,D,Minor,73,37,74,28,0,14,6
Bar,Tini,2,2021,11,11,755,4,200972675.00,22,3,94,C#,Major,52,68,69,13,0,33,8
DANCE CRIP,Trueno,1,2021,11,17,731,0,198883004.00,14,14,106,,Major,86,86,79,11,0,8,9
La Bebe,Yng Lvcas,1,2021,12,24,489,17,191945597.00,4,11,170,D,Minor,78,75,46,62,0,12,35
Cigarettes,Juice WRLD,1,2021,12,10,975,0,185408548.00,11,0,160,D,Major,60,47,62,3,0,38,4
The Family Madrigal,Olga Merediz,3,2021,11,19,1150,0,184937148.00,20,38,141,C#,Major,59,56,63,12,0,6,36
Flowers,Lauren Spencer Smith,1,2021,8,9,801,0,184826429.00,42,9,138,D#,Major,70,31,44,84,0,9,39
295,Sidhu Moose Wala,1,2021,5,15,246,4,183273246.00,4,106,90,B,Minor,68,54,76,21,0,11,20
Hrs and Hrs,Muni Long,1,2021,11,19,1800,0,181328253.00,43,36,140,G#,Minor,51,66,53,60,0,11,18
S,Anuel Aa,3,2021,11,18,903,0,177129919.00,30,26,90,F#,Minor,63,75,75,17,0,11,8
Dos Oruguitas,Sebastian Yatra,1,2021,11,19,925,0,167076418.00,24,47,94,,Major,42,47,36,76,0,9,5
What Else Can I Do?,Stephanie Beatriz,2,2021,11,19,802,0,154797871.00,13,27,120,E,Major,72,54,71,26,0,10,4
Take My Breath,The Weeknd,1,2021,8,6,2597,0,130655803.00,17,80,121,A#,Minor,70,35,77,1,0,26,4
SloMo,Chanel,1,2021,12,24,1211,0,65719930.00,31,0,105,C#,Minor,73,59,81,13,0,9,6
As It Was,Harry Styles,1,2022,3,31,23575,130,2513188493.00,403,198,174,F#,Minor,52,66,73,34,0,31,6
Me Porto Bonito,Chencho Corleone,2,2022,5,6,8870,43,1440757818.00,104,120,92,C#,Minor,91,43,71,9,0,9,8
"Quevedo: Bzrp Music Sessions, Vol. 52",Bizarrap,2,2022,7,6,8506,45,1356565093.00,94,65,128,D,Major,62,55,78,1,3,23,4
Titi Me Pregunt,Bad Bunny,1,2022,5,6,9037,42,1264310836.00,124,133,107,F,Minor,65,19,72,10,0,13,25
Unholy (feat. Kim Petras),Sam Smith,2,2022,9,22,8576,42,1230675890.00,216,108,131,D,Major,71,24,47,1,0,27,9
La Bachata,Manuel Turizo,1,2022,5,26,6804,45,1214083358.00,139,111,125,G,Minor,84,85,68,58,0,22,4
Kill Bill,SZA,1,2022,12,8,8109,77,1163093654.00,183,162,89,G#,Major,64,43,73,5,17,16,4
Ojitos Lindos,Bomba Estreo,2,2022,5,6,6135,38,1133865788.00,71,113,80,D#,Minor,65,27,69,8,0,53,4
I'm Good (Blue),Bebe Rexha,2,2022,8,26,12482,80,1109433169.00,291,184,128,G,Minor,56,38,97,4,0,35,4
I Ain't Worried,OneRepublic,1,2022,5,13,8431,76,1085685420.00,241,127,140,,Major,71,82,81,11,0,6,5
Efecto,Bad Bunny,1,2022,5,6,4004,33,1047480053.00,34,65,98,G,Minor,80,23,48,14,0,6,5
Anti-Hero,Taylor Swift,1,2022,10,21,9082,56,999748277.00,242,142,97,E,Major,64,51,63,12,0,19,5
Glimpse of Us,Joji,1,2022,6,10,6330,6,988515741.00,109,42,170,G#,Major,44,27,32,89,0,14,5
Moscow Mule,Bad Bunny,1,2022,5,6,4572,33,909001996.00,74,113,100,F,Minor,80,29,67,29,0,12,3
Calm Down (with Selena Gomez),Rma,2,2022,3,25,7112,77,899183384.00,202,119,107,B,Major,80,82,80,43,0,14,4
PROVENZA,Karol G,1,2022,4,21,6587,34,885093467.00,114,104,111,C#,Major,87,53,52,66,1,11,5
Creepin',The Weeknd,3,2022,12,2,6036,88,843957510.00,113,149,98,C#,Minor,71,17,61,36,0,8,5
Bad Habit,Steve Lacy,1,2022,6,29,8186,12,822633917.00,155,72,169,C#,Major,69,69,51,63,0,38,4
DESPECH,ROSAL,1,2022,7,28,7613,33,782369383.00,180,90,130,G,Major,92,78,62,18,0,6,10
Bam Bam (feat. Ed Sheeran),Camila Cabello,2,2022,3,4,6111,4,756907987.00,185,40,95,G#,Major,76,96,70,18,0,33,4
golden hour,JVKE,1,2022,7,15,4511,36,751134527.00,70,58,94,C#,Minor,51,14,59,65,18,25,3
Late Night Talking,Harry Styles,1,2022,5,20,7461,8,743693613.00,166,42,115,A#,Major,71,90,73,30,0,11,5
SNAP,Rosa Linn,1,2022,3,19,3202,18,726307468.00,148,80,170,,Major,56,53,64,11,0,45,6
About Damn Time,Lizzo,1,2022,7,15,2332,2,723894473.00,0,0,109,A#,Minor,84,72,74,10,0,34,7
About Damn Time,Lizzo,1,2022,4,14,9021,0,723894473.00,242,49,109,A#,Minor,84,72,74,10,0,34,7
Left and Right (Feat. Jung Kook of BTS),Charlie Puth,3,2022,6,24,3107,39,720434240.00,38,0,101,D,Major,88,72,59,62,0,9,3
MAMIII,Karol G,2,2022,2,10,6809,28,716591492.00,151,102,94,E,Minor,84,90,70,9,0,14,8
SNAP,Rosa Linn,1,2022,3,19,1818,0,711366595.00,3,0,170,,Major,56,52,64,11,0,45,7
First Class,Jack Harlow,1,2022,4,8,8737,0,694525298.00,163,32,107,G#,Major,91,32,56,3,0,11,10
Una Noche en Medell,Cris Mj,1,2022,1,21,5415,32,682475162.00,46,16,96,A#,Minor,87,82,53,10,0,5,8
Romantic Homicide,d4vd,1,2022,7,20,2335,23,681583126.00,82,55,132,F#,Major,56,20,55,45,1,32,3
Hey Mor,Ozuna,2,2022,10,6,4637,38,674072710.00,63,79,98,C#,Minor,90,40,59,0,0,10,29
Neverita,Bad Bunny,1,2022,5,6,2590,30,671365962.00,20,64,122,A#,Major,88,43,50,7,0,14,5
Here With Me,d4vd,1,2022,7,17,3246,23,635412045.00,94,85,132,E,Major,58,27,48,50,0,12,3
Jimmy Cooks (feat. 21 Savage),Drake,2,2022,6,17,5871,27,618885532.00,81,121,163,,Major,54,40,67,0,0,9,17
Party,Bad Bunny,2,2022,5,6,3185,4,614555082.00,38,64,97,A,Major,83,47,80,2,0,24,9
I Like You (A Happier Song) (with Doja Cat),Post Malone,2,2022,6,3,5281,14,609293408.00,94,21,101,F,Major,74,43,69,12,0,12,7
Tarot,Bad Bunny,2,2022,5,6,2482,20,608228647.00,27,77,114,B,Minor,80,42,68,2,0,66,4
Te Felicito,Shakira,2,2022,4,21,4796,9,606361689.00,124,66,174,F,Major,70,57,64,23,0,8,32
Feliz Cumpleaos Fe,Feid,1,2022,8,19,3430,38,601863821.00,45,69,95,F,Major,87,57,55,10,0,29,7
Until I Found You (with Em Beihold) - Em Beihold Version,Em Beihold,2,2022,4,22,2790,30,600976848.00,60,96,101,A#,Major,34,32,57,78,0,20,3
CUFF IT,Beyonc,1,2022,7,29,7842,10,595900742.00,215,88,115,G,Major,78,64,69,4,0,7,14
Yandel 150,Yandel,2,2022,12,20,3618,38,585695368.00,47,74,168,F#,Minor,78,58,73,5,0,10,7
Rich Flex,Drake,2,2022,11,4,4657,18,573633020.00,84,84,153,B,Minor,56,42,52,5,0,36,24
WAIT FOR U (feat. Drake & Tems),Drake,3,2022,4,27,5491,14,556585270.00,128,84,83,C#,Major,46,34,64,31,0,7,34
Pink Venom,BLACKPINK,1,2022,8,19,1963,16,551305895.00,57,119,90,,Major,80,71,69,2,0,27,10
La Jumpa,Arcangel,2,2022,11,30,3794,34,538115192.00,47,77,123,G#,Major,71,58,70,30,0,32,19
Escapism.,RAYE,2,2022,10,12,5129,25,532336353.00,116,84,96,D,Major,54,25,74,14,0,9,11
Made You Look,Meghan Trainor,1,2022,10,21,3956,6,502574952.00,142,23,145,A#,Major,84,88,53,35,0,8,7
Light Switch,Charlie Puth,1,2022,1,19,4049,0,500340342.00,119,6,184,F#,Major,69,91,63,11,0,9,31
Miss You,Robin Schulz,2,2022,8,5,5730,10,497225336.00,108,16,145,F#,Minor,59,20,74,1,0,15,5
Boyfriend,Dove Cameron,1,2022,2,11,3766,0,496311364.00,76,0,180,G,Minor,35,23,61,23,0,19,6
Lavender Haze,Taylor Swift,1,2022,10,21,3763,8,488386797.00,51,43,97,A#,Major,73,10,44,26,0,16,8
Doja,Central Cee,1,2022,7,20,4169,44,482257456.00,57,44,140,F#,Major,91,97,57,38,0,40,29
Shut Down,BLACKPINK,1,2022,9,16,1524,17,482175240.00,53,120,110,,Major,82,67,69,0,0,18,4
La Corriente,Tony Dize,2,2022,5,6,1796,8,479655659.00,8,25,196,B,Minor,66,58,79,23,0,22,20
LA INOCENTE,Feid,2,2022,4,1,2598,37,477033549.00,28,57,92,F,Minor,76,46,79,31,0,7,6
LOKERA,Brray,3,2022,7,25,3301,30,471819764.00,72,64,102,B,Minor,83,58,83,21,0,10,5
AMG,Natanael Cano,3,2022,11,24,995,19,463564958.00,12,117,136,B,Minor,77,79,73,15,0,27,10
Ferrari,James Hype,2,2022,3,14,7758,28,462791599.00,173,79,125,C#,Minor,84,70,69,1,0,5,5
Despus de la P,Bad Bunny,1,2022,5,6,2229,0,461558540.00,27,44,78,F,Major,56,61,90,36,0,18,31
Normal,Feid,1,2022,7,8,2461,36,459276435.00,47,66,170,E,Minor,71,59,56,4,0,27,12
Just Wanna Rock,Lil Uzi Vert,1,2022,10,17,3995,13,457184829.00,72,27,150,B,Major,49,4,55,7,0,6,3
Something in the Orange,Zach Bryan,1,2022,4,22,3282,12,449701773.00,67,84,110,G,Major,59,22,38,42,0,12,3
Murder In My Mind,Kordhell,1,2022,1,21,2459,20,448843705.00,20,68,120,A#,Major,71,57,97,1,0,13,11
Vegas (From the Original Motion Picture Soundtrack ELVIS),Doja Cat,1,2022,5,6,4576,0,448500832.00,79,13,160,G#,Minor,80,74,60,8,0,14,26
Calm Down,R,1,2022,2,9,4013,10,445763624.00,107,44,107,B,Major,81,82,78,38,0,12,4
Midnight Rain,Taylor Swift,1,2022,10,21,2612,4,433356509.00,19,29,140,,Major,64,18,37,72,0,12,7
Super Freaky Girl,Nicki Minaj,1,2022,8,12,4827,0,428685680.00,104,17,133,D,Major,95,91,89,6,0,31,24
Fuera del mercado,Danny Ocean,1,2022,2,17,2499,21,421365166.00,68,24,92,G#,Major,45,27,67,32,0,13,14
Un Ratito,Bad Bunny,1,2022,5,6,1112,6,417230415.00,7,30,93,,Minor,79,22,55,31,0,12,5
No Se Va,Grupo Frontera,1,2022,4,28,924,18,404887295.00,17,80,173,,Major,59,69,53,12,0,23,3
Karma,Taylor Swift,1,2022,10,21,3818,23,404562836.00,37,55,90,G#,Major,64,10,62,7,0,48,7
Un Coco,Bad Bunny,1,2022,5,6,1029,28,403231558.00,5,28,152,B,Major,84,74,69,21,0,18,6
Superhero (Heroes & Villains) [with Future & Chris Brown],Future,3,2022,12,2,2959,16,401036314.00,41,69,117,F,Minor,72,45,59,14,0,20,21
Snooze,SZA,1,2022,12,9,2839,25,399686758.00,58,156,143,F,Major,56,39,55,14,0,11,13
Ditto,NewJeans,1,2022,12,19,1154,22,397582059.00,28,125,134,F#,Minor,81,18,64,3,0,10,11
Is There Someone Else?,The Weeknd,1,2022,1,7,2881,6,391251368.00,13,89,135,A,Minor,70,60,58,4,0,16,3
Belly Dancer,BYOR,2,2022,2,18,5115,13,383835984.00,109,38,122,C#,Major,85,42,80,6,0,17,14
In The Stars,Benson Boone,1,2022,4,29,2224,8,382199619.00,48,40,78,A#,Major,36,30,54,34,0,14,5
Punto G,Quevedo,1,2022,11,4,1985,35,381161027.00,34,26,92,B,Minor,75,55,76,25,0,10,15
Monoton,Ozuna,2,2022,10,19,3645,15,380726517.00,118,34,132,,Minor,87,82,70,42,0,21,5
People,Libianca,1,2022,12,2,3506,56,373199958.00,105,64,198,A#,Minor,59,71,42,55,0,10,7
You Proof,Morgan Wallen,1,2022,5,13,2128,9,367814306.00,37,88,120,A,Major,73,64,85,25,0,61,3
Bebe Dame,Fuerza Regida,2,2022,12,16,849,22,367316268.00,27,129,157,G,Major,54,75,60,30,0,7,5
"Kesariya (From ""Brahmastra"")",Pritam,3,2022,7,17,292,6,366599607.00,26,98,94,,Major,58,44,57,57,0,10,3
Matilda,Harry Styles,1,2022,5,20,3218,3,366214458.00,29,10,114,D,Major,51,39,29,90,0,10,4
Hype Boy,NewJeans,1,2022,8,1,892,17,363472647.00,20,119,100,E,Minor,59,78,94,27,0,29,23
Vista Al Mar,Quevedo,1,2022,9,8,1769,34,362361576.00,16,19,105,,Minor,76,49,56,80,12,10,13
BREAK MY SOUL,Beyonc,1,2022,6,21,9724,0,354614964.00,222,61,115,C#,Minor,70,87,88,4,0,26,8
X LTIMA,Daddy Yankee,2,2022,3,25,2697,1,349746291.00,55,3,90,G,Major,81,59,83,9,0,11,5
Fingers Crossed,Lauren Spencer Smith,3,2022,1,5,2235,0,349585590.00,65,7,109,F,Major,60,45,47,62,0,31,5
"You're On Your Own, Kid",Taylor Swift,1,2022,10,21,2537,2,348647203.00,8,18,120,D,Major,69,40,39,41,0,13,6
CHORRITO PA LAS ANIMAS,Feid,1,2022,12,2,2321,36,345031710.00,29,65,96,G#,Minor,74,61,83,11,0,35,6
Andrea,Buscabulla,2,2022,5,6,1195,0,344055883.00,8,30,103,C#,Minor,80,45,62,76,0,10,38
she's all i wanna be,Tate McRae,1,2022,2,4,2711,0,343197054.00,105,12,160,D,Minor,61,65,64,1,0,12,4
Nonsense,Sabrina Carpenter,1,2022,7,15,2346,27,342897938.00,69,12,139,G#,Major,74,68,68,3,0,26,4
Out of Time,The Weeknd,1,2022,1,7,3711,0,339659802.00,49,88,93,,Minor,65,82,74,27,0,32,5
TV,Billie Eilish,1,2022,7,21,3009,2,338564981.00,68,89,141,E,Minor,41,9,25,84,1,14,4
Dos Mil 16,Bad Bunny,1,2022,5,6,892,3,338422004.00,10,24,130,C#,Major,82,50,67,12,0,13,5
Players,Coi Leray,1,2022,11,30,4096,6,335074782.00,118,48,105,F#,Major,95,62,52,3,0,5,16
Music For a Sushi Restaurant,Harry Styles,1,2022,5,20,4449,1,334733572.00,80,11,107,B,Major,72,36,72,26,6,11,4
La Llevo Al Cielo (Ft. engo F,Nengo Flow,4,2022,5,20,3559,3,333146475.00,36,1,170,A,Minor,80,77,85,11,0,17,14
STAR WALKIN' (League of Legends Worlds Anthem),Lil Nas X,1,2022,9,22,2616,0,332506354.00,113,17,142,D,Minor,64,31,72,15,0,9,5
cmo dormi,Rels B,1,2022,8,4,1452,35,331511413.00,16,15,126,C#,Major,63,56,43,24,0,12,23
Run BTS,BTS,1,2022,6,10,736,0,330881149.00,5,132,77,G#,Major,72,70,82,2,0,4,17
Bejeweled,Taylor Swift,1,2022,10,21,2699,0,328207708.00,39,35,164,G,Major,70,39,56,6,0,9,7
Sacrifice,The Weeknd,1,2022,1,7,4440,0,326792833.00,81,77,122,G,Major,70,91,79,3,0,7,10
10:35,Tisto,2,2022,11,1,4942,26,325592432.00,190,104,120,G#,Major,70,70,79,7,0,18,10
JGL,Luis R Conriquez,2,2022,2,18,782,9,323455692.00,15,33,113,G#,Major,70,97,59,55,0,27,12
Snow On The Beach (feat. Lana Del Rey),Taylor Swift,2,2022,10,21,2415,0,323437194.00,33,57,110,A,Major,66,19,32,69,0,12,4
Dreamers [Music from the FIFA World Cup Qatar 2022 Official Soundtrack],BTS,3,2022,11,20,889,20,323358833.00,11,78,115,,Major,71,34,88,16,0,44,4
GAT,Maldy,2,2022,8,25,3328,13,322336177.00,39,50,93,B,Minor,63,34,86,26,0,21,39
Ya No Somos Ni Seremos,Christian Nodal,1,2022,2,18,866,16,319757142.00,27,84,140,G,Major,59,73,45,44,0,34,3
Maan Meri Jaan,King,1,2022,10,12,288,6,319566866.00,11,80,96,F#,Minor,70,40,51,35,0,10,4
Otro Atardecer,Bad Bunny,2,2022,5,6,1681,7,319546754.00,10,30,108,D,Major,78,55,60,59,0,7,4
Maroon,Taylor Swift,1,2022,10,21,2304,0,317726339.00,12,16,108,G,Major,64,4,40,6,0,10,6
Yo No Soy Celoso,Bad Bunny,1,2022,5,6,1179,0,313113297.00,7,21,142,,Major,87,93,59,28,0,17,5
Satellite,Harry Styles,1,2022,5,20,3291,5,311482393.00,43,28,139,,Major,58,30,46,14,0,9,3
pushin P (feat. Young Thug),Young Thug,3,2022,1,7,3517,0,311395144.00,54,28,78,C#,Minor,77,49,42,1,1,13,19
Shirt,SZA,1,2022,10,28,3469,0,309653982.00,71,95,120,D#,Minor,82,55,45,15,3,9,10
Besos Moja2,Wisin & Yandel,2,2022,9,29,2460,13,309483971.00,53,7,94,F,Minor,74,64,73,6,0,10,6
ULTRA SOLO,Polima WestCoast,2,2022,2,14,1367,0,307752576.00,48,4,110,C#,Major,80,26,85,23,0,11,21
LOVE DIVE,IVE,1,2022,4,5,753,8,305771063.00,28,124,118,C#,Minor,70,54,71,0,0,33,4
Me Fui de Vacaciones,Bad Bunny,1,2022,5,6,1443,0,305650299.00,9,11,85,A#,Major,71,43,65,23,0,9,5
Gato de Noche,Nengo Flow,2,2022,12,22,2651,30,304118600.00,21,55,94,G#,Major,89,61,66,17,0,36,16
PUNTO 40,Baby Rasta,2,2022,9,22,3006,12,304079786.00,54,32,107,,Major,87,20,83,0,4,31,9
SPIT IN MY FACE!,ThxSoMch,1,2022,10,31,629,14,303216294.00,32,3,94,G#,Major,73,65,79,5,2,11,6
Yet To Come,BTS,1,2022,6,10,829,0,302006641.00,32,110,172,C#,Major,56,68,89,4,0,33,19
SPIT IN MY FACE!,ThxSoMch,1,2022,10,31,573,0,301869854.00,1,0,166,C#,Major,70,57,57,9,20,11,7
N95,Kendrick Lamar,1,2022,5,13,5542,0,301242089.00,52,16,140,D#,Minor,81,39,66,38,0,12,14
ANTIFRAGILE,LE SSERAFIM,1,2022,10,17,761,12,301051721.00,23,95,105,A#,Minor,88,82,80,8,0,11,8
Where Did You Go?,MNEK,2,2022,1,26,4531,0,300983101.00,135,74,127,A#,Major,77,53,78,19,0,29,4
Chale,Eden Mu,1,2022,2,18,695,11,299648208.00,16,41,189,G#,Major,55,86,44,40,0,7,4
Sweetest Pie,Dua Lipa,2,2022,3,11,3501,0,299634472.00,69,2,124,G,Major,81,68,63,17,0,10,22
LET GO,Central Cee,1,2022,12,15,2301,20,298063749.00,49,23,146,D,Minor,74,51,45,86,0,21,38
Lift Me Up - From Black Panther: Wakanda Forever - Music From and Inspired By,Rihanna,1,2022,10,28,3311,0,297328960.00,129,31,177,A,Major,25,17,30,90,0,13,3
Numb,Marshmello,2,2022,6,10,3879,2,295307001.00,107,76,120,,Minor,91,63,77,12,1,10,5
Siempre Pendientes,Peso Pluma,2,2022,8,15,685,5,295152154.00,15,79,136,,Major,77,71,75,33,1,13,4
CAIRO,Karol G,2,2022,11,13,2418,26,294352144.00,52,66,115,F,Minor,95,43,69,47,0,9,31
Last Last,Burna Boy,1,2022,5,12,4526,12,293466523.00,156,275,88,D#,Minor,80,55,56,13,0,8,9
ceilings,Lizzy McAlpine,1,2022,4,8,3242,9,293186992.00,67,55,148,A,Major,51,27,33,48,0,22,3
Mal Feito - Ao Vivo,Marlia Mendona,2,2022,1,14,971,2,291709698.00,35,104,124,,Minor,73,68,83,55,0,90,7
Daylight,Harry Styles,1,2022,5,20,2775,0,290833204.00,21,11,146,,Major,69,63,45,48,0,18,4
Ch y la Pizza,Fuerza Regida,2,2022,12,1,536,10,288101651.00,10,72,149,G#,Major,66,85,60,40,0,14,13
El Rescate,Grupo Marca Registrada,2,2022,7,22,527,4,287278853.00,10,43,99,G,Minor,79,64,59,28,0,11,14
Crazy What Love Can Do,David Guetta,3,2022,3,18,5290,0,286739476.00,139,73,123,E,Minor,60,46,71,3,0,16,4
Too Many Nights (feat. Don Toliver & with Future),Future,3,2022,12,2,2110,58,286400165.00,17,119,88,G,Minor,68,17,71,15,0,11,5
Nobody Gets Me,SZA,1,2022,12,9,2536,6,284908316.00,59,100,100,G,Major,36,28,28,81,0,18,3
How Do I Say Goodbye,Dean Lewis,1,2022,8,5,2163,15,284785823.00,72,97,82,G#,Major,40,39,64,21,0,7,7
Pasoori,Shae Gill,2,2022,2,6,349,6,284249832.00,10,22,92,B,Minor,71,67,60,7,0,6,4
Aguacero,Bad Bunny,1,2022,5,6,829,0,283359161.00,4,15,121,F#,Minor,86,67,65,42,0,35,7
Un Verano Sin Ti,Bad Bunny,1,2022,5,6,1004,1,283332261.00,8,12,188,F,Minor,50,41,50,69,0,12,6
Ensame ,Bad Bunny,1,2022,5,6,1112,3,279737940.00,7,25,105,G#,Major,81,77,79,19,0,47,8
ULTRA SOLO REMIX,De La Ghetto,5,2022,6,16,2341,0,279717388.00,37,2,110,C#,Major,91,59,82,8,0,6,8
Ferxxo 100,Feid,1,2022,6,3,1647,30,278920007.00,20,49,164,G#,Minor,70,58,57,25,0,15,7
BILLIE EILISH.,Armani White,1,2022,1,20,2537,0,277132266.00,49,1,100,C#,Major,90,75,50,11,0,9,26
Trance (with Travis Scott & Young Thug),Travis Scott,3,2022,12,2,1682,46,276259178.00,24,90,119,C#,Minor,75,48,53,18,0,18,34
Little Freak,Harry Styles,1,2022,5,20,2302,0,273194684.00,20,3,142,D#,Major,56,40,54,72,0,10,4
Pantysito,Feid,3,2022,3,18,2995,0,273005485.00,49,17,98,G,Minor,83,63,74,14,0,16,6
Low,SZA,1,2022,12,9,1911,0,272377463.00,23,71,145,,Minor,70,34,55,43,0,16,6
Cooped Up (with Roddy Ricch),Post Malone,2,2022,5,12,2942,0,271666301.00,42,28,125,,Major,50,39,78,4,0,11,33
Le,Marlia Mendo,1,2022,12,9,993,4,267789608.00,30,84,130,F#,Major,74,79,87,45,0,30,3
After LIKE,IVE,1,2022,8,22,767,12,265548837.00,20,129,125,,Major,68,80,92,10,0,9,12
Attention,NewJeans,1,2022,8,1,799,12,264717480.00,14,141,105,A#,Minor,81,70,65,24,0,8,4
Bombonzinho - Ao Vivo,Israel & Rodolffo,2,2022,11,3,1254,6,263453310.00,26,69,158,C#,Major,65,72,95,31,0,92,5
Ojos Marrones,Lasso,1,2022,2,6,795,11,263280370.00,26,18,120,G#,Minor,81,72,65,4,0,14,4
Numb Little Bug,Em Beihold,1,2022,1,28,2026,0,258714692.00,47,3,85,G#,Minor,74,61,52,30,0,26,9
When You're Gone,Shawn Mendes,1,2022,3,31,2092,0,255120451.00,75,11,147,F,Major,60,58,69,2,0,58,4
PUFFIN ON ZOOTIEZ,Future,1,2022,4,29,2350,0,254218729.00,28,42,125,G#,Major,88,28,66,6,0,13,31
Vigilante Shit,Taylor Swift,1,2022,10,21,1948,0,253650850.00,12,9,80,E,Minor,80,16,28,17,0,12,39
"Villano Antillano: Bzrp Music Sessions, Vol. 51",Bizarrap,2,2022,6,8,1401,0,248511839.00,26,16,128,C#,Minor,82,42,75,6,0,63,6
2 Be Loved (Am I Ready),Lizzo,1,2022,7,14,3682,6,247689123.00,41,0,156,G,Major,72,92,77,9,0,8,11
Die For You,Joji,1,2022,11,4,1703,0,246390068.00,38,45,148,G#,Major,47,15,52,38,13,29,5
Stay Alive (Prod. SUGA of BTS),Jung Kook,1,2022,2,11,590,5,246376690.00,4,113,130,D,Minor,51,50,76,30,0,10,7
Agosto,Bad Bunny,1,2022,5,6,897,0,246127838.00,6,20,115,C#,Minor,85,72,58,9,0,49,12
"Cay La Noche (feat. Cruz Cafun, Abhir Hathi, Bejo, EL IMA)",Quevedo,7,2022,1,14,1034,1,245400167.00,19,5,174,F,Minor,67,74,75,44,0,7,30
THE SHADE,Rex Orange County,1,2022,3,11,1189,6,244928911.00,17,10,120,F,Major,90,73,51,39,0,9,6
Afraid To Feel,LF System,1,2022,5,2,5898,5,244790012.00,129,55,128,C#,Major,58,68,91,2,0,27,11
Thousand Miles,The Kid Laroi,1,2022,4,22,2050,0,244741137.00,52,9,81,G,Major,38,20,66,9,0,9,8
B.O.T.A. (Baddest Of Them All) - Edit,Interplanetary Criminal,2,2022,6,15,5153,6,244585109.00,102,53,137,,Major,74,71,89,24,61,15,5
Don't You Worry,David Guetta,3,2022,6,16,2442,0,240918092.00,81,4,132,B,Major,82,49,88,20,0,21,3
Plan A,Paulo Londra,1,2022,3,23,1105,0,240661097.00,32,0,174,,Major,58,56,83,5,0,7,4
With you,HA SUNG WOON,2,2022,4,24,343,2,240580042.00,4,35,150,D#,Major,53,14,43,64,0,13,3
Forget Me,Lewis Capaldi,1,2022,9,9,2520,4,239411309.00,93,95,102,C#,Minor,67,72,74,30,0,36,4
Hold My Hand,Lady Gaga,1,2022,5,3,2528,0,238350348.00,63,8,148,G,Major,51,21,63,5,0,41,3
Die Hard,Kendrick Lamar,3,2022,5,13,4627,0,237351106.00,38,13,101,C#,Minor,78,40,74,36,0,17,27
Entre Nosotros (Remix) [con Nicki Nicole],Lit Killah,4,2022,1,5,759,3,236940480.00,32,0,170,F,Minor,70,61,44,40,0,37,4
Qu Ago,Yuridia,2,2022,10,20,660,15,236857112.00,19,59,98,B,Major,73,88,57,56,0,5,2
Keep Driving,Harry Styles,1,2022,5,20,2094,1,236060709.00,8,1,165,A,Major,72,90,48,32,0,18,23
Typa Girl,BLACKPINK,1,2022,9,16,452,10,235549288.00,2,129,132,G,Major,92,53,62,7,0,63,10
Love Of My Life,Harry Styles,1,2022,5,20,1933,0,233671263.00,13,2,118,G,Major,56,20,54,67,0,6,5
SUPERMODEL,Mne,1,2022,5,13,2265,0,231657891.00,93,12,121,G,Major,64,80,88,0,0,12,6
MERCHO,Migrantes,3,2022,12,16,1267,20,231332117.00,41,22,93,F#,Minor,84,96,79,43,0,18,11
FEARLESS,LE SSERAFIM,1,2022,5,2,629,0,229497852.00,18,75,104,G,Major,86,43,62,5,0,13,14
Starlight,Dave,1,2022,3,3,1856,3,229473310.00,29,40,124,G,Major,95,36,37,35,0,10,28
Evergreen (You Didnt Deserve Me A,Omar Apollo,1,2022,4,8,2499,0,227918678.00,70,0,82,A,Major,70,31,34,60,1,11,4
THE LONELIEST,Mne,1,2022,10,7,1585,5,225093344.00,78,65,130,D,Major,52,24,60,0,0,8,3
Marisola - Remix,Duki,5,2022,12,15,1845,16,223582566.00,20,8,95,C#,Major,77,72,87,17,0,7,5
Question...?,Taylor Swift,1,2022,10,21,1608,0,223064273.00,10,3,109,G,Major,75,11,50,20,0,30,17
Eu Gosto Assim - Ao Vivo,Gustavo Mioto,2,2022,9,16,1473,4,222612678.00,27,64,154,,Major,64,61,91,15,0,72,4
KU LO SA - A COLORS SHOW,Oxlade,1,2022,6,10,2019,8,222410722.00,117,72,93,A#,Minor,65,79,66,31,0,22,7
Betty (Get Money),Yung Gravy,1,2022,6,10,2402,0,221752937.00,45,2,102,C#,Major,73,62,75,0,0,34,8
PLAYA DEL INGL,Myke Towers,2,2022,12,15,1701,15,221409663.00,30,15,113,G,Minor,79,66,74,8,0,11,5
Bad Decisions (with BTS & Snoop Dogg),Snoop Dogg,3,2022,8,5,1456,0,219196651.00,53,2,120,,Major,77,94,87,2,0,23,12
Mastermind,Taylor Swift,1,2022,10,21,1936,0,218320587.00,7,5,126,E,Major,66,12,35,55,0,9,14
POP!,Nayeon,1,2022,6,24,571,0,213505179.00,19,21,97,D,Major,80,36,86,4,0,3,5
WORTH NOTHING,Twisted,2,2022,9,28,1612,0,213438580.00,34,54,140,D,Minor,58,17,62,18,0,20,8
El Apag,Bad Bunny,1,2022,5,6,1209,0,212351890.00,9,7,118,G#,Major,63,60,70,5,0,9,31
MANIAC,Stray Kids,1,2022,3,18,651,0,212234990.00,6,188,120,C#,Major,58,71,80,15,0,7,41
That That (prod. & feat. SUGA of BTS),PSY,2,2022,4,29,802,0,212109195.00,16,81,130,E,Major,91,91,96,3,0,3,9
Polaroid Love,ENHYPEN,1,2022,1,10,461,0,211372494.00,10,56,138,G,Minor,74,65,67,46,0,36,4
KICK BACK,Kenshi Yonezu,1,2022,10,12,574,4,210038833.00,38,101,102,C#,Major,58,29,94,0,0,9,11
Sin Se,Ovy On The Drums,2,2022,7,22,1097,2,209106362.00,18,10,118,B,Minor,82,75,85,33,1,11,4
DANA,Mc Pedrinho,2,2022,2,1,911,2,208166039.00,45,0,135,A,Minor,78,55,57,4,0,10,8
The Astronaut,Jin,1,2022,10,28,481,9,203436468.00,10,100,125,F,Major,54,22,76,0,0,14,3
Thought You Should Know,Morgan Wallen,1,2022,5,6,968,4,203221468.00,16,53,140,F#,Major,53,51,70,49,0,14,3
Hati-Hati di Jalan,Tulus,1,2022,3,3,200,2,202677468.00,12,4,72,F#,Major,64,76,44,70,9,12,4
Static,Steve Lacy,1,2022,7,15,1613,0,202452860.00,21,15,79,C#,Major,34,22,31,43,63,10,7
Less Than Zero,The Weeknd,1,2022,1,7,2800,0,200660871.00,18,77,143,,Major,53,50,79,0,0,8,3
Grapejuice,Harry Styles,1,2022,5,20,1986,0,199587884.00,7,1,183,F,Major,65,88,72,36,14,20,3
Limbo,Freddie Dredd,1,2022,8,11,688,0,199386237.00,14,1,75,B,Minor,80,46,62,3,6,11,46
Spin Bout U,Drake,2,2022,11,4,1652,2,198365537.00,26,52,130,G,Major,77,20,70,1,0,16,5
En Paris,El Chachito,2,2022,12,24,406,5,198275403.00,3,31,139,D#,Minor,70,77,48,37,0,12,5
IDGAF (with blackbear),Blackbear,2,2022,3,18,625,0,197643795.00,10,2,98,F,Major,78,83,75,41,0,27,8
Massive,Drake,1,2022,6,17,5263,0,195628667.00,66,89,125,E,Minor,51,5,68,12,2,15,6
Niagara Falls (Foot or 2) [with Travis Scott & 21 Savage],Travis Scott,3,2022,12,2,1602,0,195516622.00,12,22,88,G,Minor,49,24,66,19,0,18,29
True Love,Kanye West,2,2022,5,27,2129,0,194902696.00,23,1,84,F,Minor,71,39,86,2,0,51,25
Nail Tech,Jack Harlow,1,2022,2,18,2939,0,193443895.00,42,0,150,E,Minor,65,11,58,0,0,12,9
Pipoco,Melody,3,2022,5,20,1112,4,191873381.00,22,2,135,G#,Major,77,74,74,47,0,34,8
Sticky,Drake,1,2022,6,17,2814,0,191448892.00,38,105,137,A#,Minor,88,8,49,9,0,9,14
Pussy & Millions (feat. Travis Scott),Drake,3,2022,11,4,1930,0,191333656.00,24,8,122,E,Minor,75,45,63,6,0,35,12
In My Head,Lil Tjay,1,2022,4,1,1185,0,190981339.00,21,0,143,C#,Major,68,41,55,16,0,10,12
Potion (with Dua Lipa & Young Thug),Calvin Harris,3,2022,5,27,3983,0,190625045.00,73,45,100,B,Minor,82,76,70,16,0,8,5
Slut Me Out,NLE Choppa,1,2022,4,22,816,4,190490915.00,21,4,121,F#,Minor,94,71,61,12,0,53,42
Talk that Talk,TWICE,1,2022,8,26,615,0,189476119.00,14,77,120,D#,Minor,77,78,91,14,0,33,12
Cinema,Harry Styles,1,2022,5,20,2171,0,189236868.00,18,1,106,A,Minor,83,90,64,35,5,9,4
Vampiro,Matu,3,2022,1,30,540,4,187772591.00,26,3,115,G#,Minor,78,63,64,1,0,7,4
Daydreaming,Harry Styles,1,2022,5,20,1900,1,187703102.00,15,1,114,E,Minor,71,90,81,31,2,13,3
Casei Com a Putaria,MC Ryan SP,3,2022,7,1,648,4,187701588.00,0,0,161,A#,Minor,59,62,60,12,0,5,44
Labyrinth,Taylor Swift,1,2022,10,21,1597,0,187339835.00,6,3,110,,Major,48,15,31,80,22,12,4
Sweet Nothing,Taylor Swift,1,2022,10,21,1747,0,186104310.00,9,6,177,,Major,34,39,16,97,0,12,5
10 Things I Hate About You,Leah Kate,1,2022,3,23,1301,0,185550869.00,23,1,154,G#,Major,54,45,79,1,0,17,5
Prohibidox,Feid,1,2022,9,13,1473,12,185392587.00,25,36,180,C#,Minor,65,52,80,5,0,6,25
GIVENCHY,Duki,1,2022,7,20,625,4,185236961.00,13,18,103,G#,Major,61,38,62,14,0,23,40
Tak Ingin Usai,Keisya Levronka,1,2022,5,13,220,4,184807630.00,16,5,130,,Major,49,14,40,82,0,11,3
TUS LGR,Sech,2,2022,4,1,1308,2,184622518.00,23,16,174,C#,Major,68,45,71,18,0,11,25
Escapism. - Sped Up,RAYE,2,2022,11,25,1368,0,184308753.00,12,1,108,F#,Minor,44,38,77,9,0,9,20
DARARI,Treasure,1,2022,2,15,328,0,182978249.00,10,21,85,,Major,72,55,64,49,0,7,4
Shut up My Moms Calling - (Sped Up),Hotel Ugly,1,2022,9,14,713,7,181831132.00,2,4,85,F,Minor,65,36,47,31,0,12,10
The Great War,Taylor Swift,1,2022,10,21,1274,0,181382590.00,1,6,96,F,Major,57,55,74,22,0,8,4
Tak Segampang Itu,Anggi Marito,1,2022,12,2,213,6,179659294.00,7,6,130,F,Major,51,18,44,76,0,11,3
Si Te La Encuentras Por Ah,Feid,1,2022,8,5,1379,4,179061440.00,23,10,172,G#,Minor,74,46,58,15,0,13,8
Si Quieren Frontear,De La Ghetto,3,2022,3,31,859,0,178512385.00,14,0,82,A#,Major,79,48,84,13,0,21,23
"Would've, Could've, Should've",Taylor Swift,1,2022,10,21,1715,0,177503916.00,4,5,158,G,Major,48,55,84,43,0,15,12
Celestial,Ed Sheeran,1,2022,9,29,1639,0,176474912.00,86,14,123,D,Major,57,50,85,5,0,16,4
sentaDONA (Remix) s2,Lusa Sonza,4,2022,3,17,870,0,176290831.00,32,0,135,D#,Minor,93,77,45,25,0,13,27
Ai Preto,L7nnon,3,2022,6,3,894,4,176103902.00,28,0,130,F#,Major,95,83,57,54,0,10,25
Evoque Prata,DJ Escobar,3,2022,9,9,852,0,174006928.00,14,1,87,G,Major,87,52,52,31,0,28,24
Rich Spirit,Kendrick Lamar,1,2022,5,13,3486,0,173702135.00,20,10,96,A#,Minor,85,41,43,39,0,12,21
ALIEN SUPERSTAR,Beyonc,1,2022,7,29,2688,0,171788484.00,39,47,122,A#,Minor,55,46,64,0,0,17,10
STAYING ALIVE (feat. Drake & Lil Baby),Drake,3,2022,8,5,2107,0,170732845.00,51,1,130,E,Minor,72,18,46,7,0,28,8
Nxde,(G)I-DLE,1,2022,10,17,430,6,170709584.00,14,116,136,E,Minor,73,65,91,4,0,48,18
On BS,Drake,2,2022,11,4,1338,0,170413877.00,9,20,158,A,Major,84,33,36,2,0,39,59
Gatita,Bellakath,1,2022,10,3,1054,0,168684524.00,9,0,101,G,Major,90,76,81,15,24,33,6
En El Radio Un Cochinero,Victor Cibrian,1,2022,5,13,514,0,164856284.00,5,36,154,F#,Minor,70,97,62,47,0,10,4
"Paulo Londra: Bzrp Music Sessions, Vol. 23",Bizarrap,2,2022,4,25,928,0,164163229.00,19,0,96,,Major,61,32,90,25,0,10,9
Blind,SZA,1,2022,12,9,1484,0,163284000.00,22,51,114,A,Minor,46,60,28,91,0,21,4
Die Young (feat. 347aidan),Sleepy hallow,2,2022,5,25,896,0,160845341.00,19,0,77,B,Major,81,68,58,83,0,11,34
Beautiful Girl,Luciano,1,2022,4,22,710,4,160035717.00,16,11,140,B,Minor,84,61,42,31,0,9,9
BABY OTAKU,Fran C,4,2022,8,18,836,0,159240673.00,14,1,102,A,Major,84,43,75,5,0,6,8
Igualito a Mi Ap,Fuerza Regida,2,2022,12,30,265,6,158950978.00,8,84,145,E,Minor,76,80,81,19,0,6,9
RUMBAT,Daddy Yankee,1,2022,3,25,1264,0,157990698.00,20,4,95,D#,Minor,69,90,91,6,0,35,4
Antes de Perderte,Duki,1,2022,6,2,584,8,157136970.00,12,1,110,F,Minor,81,61,93,49,0,12,11
United In Grief,Kendrick Lamar,1,2022,5,13,2575,0,156898322.00,4,5,87,G#,Major,52,32,83,24,0,17,43
Kahani Suno 2.0,Kaifi Khalil,1,2022,5,31,162,6,156777415.00,1,10,140,B,Major,58,26,38,91,0,10,4
Boy's a liar,PinkPantheress,1,2022,11,30,1225,0,156338624.00,27,0,133,F,Major,66,74,84,25,0,21,4
Malas Decisiones,Kenia OS,1,2022,10,26,542,2,156214700.00,23,2,110,G#,Minor,81,64,79,5,0,31,3
MORE,j-hope,1,2022,7,1,565,0,155795783.00,6,52,97,D,Major,78,31,72,1,0,11,4
Open Arms (feat. Travis Scott),SZA,2,2022,12,8,1420,4,155653938.00,13,87,78,A,Major,67,22,59,76,1,15,16
Major Distribution,Drake,2,2022,11,4,1545,0,154863153.00,22,7,131,G#,Minor,91,23,55,1,0,7,32
Malvada,Z Fe,1,2022,1,28,601,0,154119539.00,28,73,135,F,Minor,89,89,86,16,0,8,5
Freaky Deaky,Tyga,2,2022,2,25,1729,0,153240879.00,26,1,104,D,Minor,80,24,65,2,0,9,4
Dua Lipa,Jack Harlow,1,2022,5,6,1992,0,150500965.00,35,0,158,B,Major,83,41,65,0,10,11,8
One Thing At A Time,Morgan Wallen,1,2022,12,2,811,4,148469433.00,11,58,142,G,Major,61,92,91,0,0,26,3
Talk,YEAT,1,2022,9,2,920,0,148461629.00,10,1,140,E,Minor,70,26,76,8,0,54,23
The Joker And The Queen (feat. Taylor Swift),Ed Sheeran,2,2022,2,11,1430,0,146789379.00,46,1,134,,Major,53,31,31,92,0,28,3
That's Hilarious,Charlie Puth,1,2022,4,8,686,2,146363130.00,11,6,108,F#,Major,71,55,44,74,0,11,6
Bamba (feat. Aitch & BIA),Luciano,3,2022,9,22,869,7,146223492.00,14,12,138,A#,Major,80,82,81,14,0,13,36
212,Mainstreet,2,2022,1,15,352,0,143139338.00,10,0,154,D,Minor,79,86,52,66,0,9,7
Circo Loco,Drake,2,2022,11,4,1794,0,141720999.00,26,9,104,C#,Major,73,25,61,1,0,32,7
"Besharam Rang (From ""Pathaan"")",Vishal-Shekhar,6,2022,12,12,130,4,140187018.00,21,79,116,G#,Minor,77,65,80,6,0,15,4
"Apna Bana Le (From ""Bhediya"")",Arijit Singh,2,2022,11,5,86,0,139836056.00,11,101,94,A,Major,59,44,56,80,0,6,3
Fim de Semana no Rio,teto,1,2022,3,30,315,2,139193812.00,27,2,119,C#,Minor,87,28,50,12,0,10,10
Nos Comemos (feat. Ozuna),Ozuna,2,2022,6,2,896,0,138334433.00,0,0,92,F#,Major,83,56,82,10,0,9,5
Komang,Raim Laode,1,2022,8,16,158,4,137123880.00,5,6,134,G,Major,70,35,41,41,0,10,3
Boyfriends,Harry Styles,1,2022,5,20,1517,0,137070925.00,26,2,118,,Major,42,32,20,94,0,11,4
ZOOM,Jessi,1,2022,4,13,608,0,136996305.00,5,29,100,F#,Major,87,46,60,1,0,13,16
Antidepresan,Mabel Matiz,2,2022,11,4,313,2,136689549.00,10,6,100,B,Minor,70,92,59,3,0,10,3
Cash In Cash Out,Pharrell Williams,4,2022,6,10,2313,0,136676504.00,34,0,120,G,Major,88,15,56,1,0,8,6
Wild Flower (with youjeen),RM,1,2022,12,2,353,2,135611421.00,2,74,155,G#,Major,49,42,77,3,0,12,9
O.O,NMIXX,1,2022,2,22,290,0,135444283.00,9,66,200,B,Minor,39,28,77,4,0,6,29
Brividi,Mahmood,2,2022,2,2,1175,0,135079152.00,34,1,123,G,Major,52,44,60,40,0,26,3
Zona De Perigo,Leo Santana,1,2022,12,8,531,4,134294498.00,20,1,135,F,Major,81,97,77,75,0,35,3
En La De Ella,Feid,3,2022,10,20,1320,0,133895612.00,29,26,97,C#,Major,82,67,77,8,0,12,5
This Love (Taylors Ve,Taylor Swift,1,2022,5,6,1492,0,132171975.00,26,2,144,E,Major,47,7,50,32,0,7,4
die first,Nessa Barrett,1,2022,6,24,767,0,131746175.00,25,0,183,G#,Minor,44,44,67,7,0,12,13
Layla,Schrze,2,2022,3,24,832,3,130419412.00,18,124,140,F,Minor,44,41,92,0,0,44,7
Baile no Morro,Mc Vitin Da Igrejinha,3,2022,6,10,685,2,129314708.00,17,0,130,D#,Minor,71,78,40,46,0,7,45
Father Time (feat. Sampha),Kendrick Lamar,2,2022,5,13,3107,0,127309180.00,4,0,153,A#,Minor,55,50,78,19,0,11,35
Soy El Unico,Yahritza Y Su Esencia,1,2022,3,25,226,0,126443991.00,5,0,84,E,Minor,71,63,45,45,0,11,3
Count Me Out,Kendrick Lamar,1,2022,5,13,2729,0,126191104.00,3,7,134,G,Major,78,51,43,69,0,14,9
Miserable Man,David Kushner,1,2022,1,7,788,0,124407432.00,13,0,110,A#,Major,63,31,35,93,0,29,3
"Stay With Me (with Justin Timberlake, Halsey, & Pharrell)",Calvin Harris,4,2022,7,15,3113,0,123473120.00,54,6,126,A,Major,81,90,73,28,0,29,4
Silent Hill,Kendrick Lamar,2,2022,5,13,3028,0,123216717.00,22,0,140,C#,Minor,92,78,57,46,0,14,9
"I'm Tired - From ""Euphoria"" An Original HBO Series",Labrinth,1,2022,2,4,1888,0,121913181.00,26,1,71,,Minor,28,26,20,19,0,30,3
Bigger Than The Whole Sky,Taylor Swift,1,2022,10,21,1180,0,121871870.00,4,0,166,F#,Major,42,7,24,83,1,12,6
La Loto,Anitta,3,2022,7,6,945,0,121189256.00,49,3,90,C#,Major,85,80,83,10,0,8,11
I Tried to Tell Y'all,Ugly Dray,2,2022,5,6,1657,0,121077868.00,15,3,96,B,Major,71,37,52,62,0,11,36
"Nobody Like U - From ""Turning Red""",Jordan Fisher,6,2022,2,25,918,0,120847157.00,34,39,105,A,Minor,91,73,72,13,0,9,15
How Do I Make You Love Me?,The Weeknd,1,2022,1,7,1915,0,119238316.00,7,47,121,G,Minor,80,62,51,2,0,9,8
Me Arrepent,Ak4:20,3,2022,3,30,273,2,118381354.00,12,2,92,,Major,86,91,79,29,0,60,16
Gasoline,The Weeknd,1,2022,1,7,2297,0,116903579.00,11,29,123,F#,Minor,74,35,73,0,0,21,5
Tubaro Te,Dj LK da Esccia,4,2022,9,28,1003,0,116144341.00,21,0,130,E,Minor,89,48,74,30,0,7,36
Poland,Lil Yachty,1,2022,6,23,1584,0,115331792.00,38,0,150,F,Minor,70,26,56,14,83,11,5
For Youth,BTS,1,2022,6,10,327,0,114546317.00,5,40,117,D,Major,63,29,51,43,0,25,4
Privileged Rappers,Drake,2,2022,11,4,1007,0,112436403.00,6,5,144,F,Major,93,62,61,0,0,12,20
Love Language,SZA,1,2022,12,9,1127,0,110849052.00,16,63,65,A,Minor,71,55,26,85,0,13,8
Raindrops (Insane) [with Travis Scott],Travis Scott,2,2022,12,2,880,0,110649992.00,3,7,112,G#,Major,80,15,54,9,0,38,5
Ghost in the Machine (feat. Phoebe Bridgers),SZA,2,2022,12,9,1634,0,110073250.00,16,20,125,F#,Major,62,59,43,84,3,11,5
L,Stromae,1,2022,1,9,2035,0,108809090.00,41,122,88,D,Minor,56,58,55,35,0,23,11
City of Gods,Kanye West,3,2022,2,11,2096,0,107255472.00,34,3,147,G#,Minor,47,50,80,10,0,32,38
Honest (feat. Don Toliver),Justin Bieber,2,2022,4,29,1351,0,106919680.00,26,1,150,G#,Minor,82,82,66,13,0,11,6
Broke Boys,Drake,2,2022,11,4,1060,0,106249219.00,3,8,120,D,Major,64,11,53,1,0,25,27
Right On,Lil Baby,1,2022,4,8,1116,0,101780047.00,31,9,166,D,Major,70,22,61,2,0,10,34
Best Friends,The Weeknd,1,2022,1,7,1292,0,101114984.00,3,18,87,E,Minor,49,49,59,44,0,35,21
Seek & Destroy,SZA,1,2022,12,9,1007,0,98709329.00,5,31,152,C#,Major,65,35,65,44,18,21,7
"Come Back Home - From ""Purple Hearts""",Sofia Carson,1,2022,7,12,367,0,97610446.00,28,67,145,G,Major,56,43,53,24,0,12,4
Alone,Burna Boy,1,2022,11,4,782,2,96007391.00,27,18,90,E,Minor,61,32,67,15,0,11,5
"Residente: Bzrp Music Sessions, Vol. 49",Residente,2,2022,3,3,461,0,94616487.00,7,11,71,C#,Minor,59,70,74,56,0,11,40
Used (feat. Don Toliver),SZA,2,2022,12,8,1042,0,94005786.00,7,29,150,A#,Minor,73,71,69,53,0,32,9
Sem Aliana no ,MC Xenon,2,2022,12,23,454,4,93587665.00,6,1,83,C#,Major,53,40,36,73,0,11,33
BackOutsideBoyz,Drake,1,2022,11,4,1045,0,93367537.00,8,5,142,F,Minor,85,40,43,4,0,39,32
So Good,Halsey,1,2022,6,9,1057,0,91781263.00,51,14,83,D#,Minor,63,29,62,4,0,18,4
I Heard You're Married (feat. Lil Wayne),The Weeknd,2,2022,1,7,1178,0,91656026.00,9,10,110,D,Major,75,85,84,10,0,31,19
My Mind & Me,Selena Gomez,1,2022,11,3,953,0,91473363.00,61,13,144,A,Major,60,24,39,57,0,8,3
Chance,Paulo Londra,1,2022,4,6,225,0,89566512.00,11,0,138,C#,Minor,72,22,46,24,0,9,6
"Here We Go Again (feat. Tyler, the Cr",The Weeknd,3,2022,1,7,1420,0,88103848.00,7,18,135,C#,Major,41,27,64,36,0,60,3
Special,SZA,1,2022,12,9,906,0,88092256.00,6,21,76,,Major,60,19,20,78,0,11,5
Savior,Kendrick Lamar,3,2022,5,13,2291,0,86176890.00,9,0,123,G#,Major,61,66,71,53,0,32,46
Hot Shit (feat. Ye & Lil Durk),Kanye West,3,2022,7,1,1601,0,85924992.00,11,0,157,A,Major,88,52,69,0,0,8,23
California Breeze,Lil Baby,1,2022,10,14,991,0,85559365.00,36,38,162,F,Minor,74,22,67,0,0,11,46
Bye Bye,Marshmello,2,2022,10,14,766,0,84697729.00,16,0,83,D#,Minor,65,24,53,6,0,51,4
Do We Have A Problem?,Nicki Minaj,2,2022,2,4,1064,0,81350745.00,42,1,120,C#,Minor,84,54,51,47,0,12,40
Born Singer,BTS,1,2022,6,10,279,0,79095270.00,0,18,158,G#,Minor,60,68,84,4,0,24,11
Rumble,Skrillex,3,2022,1,17,2849,0,78489819.00,39,45,140,C#,Minor,81,6,84,5,23,6,6
On Time (with John Legend),John Legend,2,2022,12,2,398,0,78139948.00,2,2,80,F,Minor,33,51,59,76,0,44,6
Blessed-Cursed,ENHYPEN,1,2022,1,10,246,0,77337771.00,2,12,127,E,Minor,60,40,89,9,0,60,6
Primera Cita,Carin Leon,1,2022,4,20,266,27,77309611.00,6,40,158,A#,Major,54,50,40,61,0,10,6
Purple Hearts,Kendrick Lamar,3,2022,5,13,2308,0,76831876.00,7,0,138,D#,Minor,57,71,82,19,0,15,29
psychofreak (feat. WILLOW),Camila Cabello,2,2022,4,7,918,0,75476209.00,24,0,180,G,Minor,63,45,64,34,0,9,8
Starry Eyes,The Weeknd,1,2022,1,7,1014,0,74601456.00,1,17,86,A,Minor,28,13,41,50,0,19,3
SOS,SZA,1,2022,12,9,827,0,73981293.00,6,18,119,G,Minor,51,51,66,67,0,9,23
A Veces (feat. Feid),Feid,2,2022,11,3,573,0,73513683.00,2,0,92,C#,Major,80,81,67,4,0,8,6
The Heart Part 5,Kendrick Lamar,1,2022,5,8,2939,0,71423324.00,29,0,98,G#,Minor,76,79,81,18,0,6,34
Con La Brisa,Ludwig Goransson,2,2022,11,4,486,0,71095708.00,8,1,114,D,Minor,62,25,44,51,33,14,3
The Rumbling (TV Size),SiM,1,2022,1,10,254,0,71014967.00,0,4,145,G#,Major,41,65,88,0,0,26,5
Obsessed,Abhijay Sharma,2,2022,9,29,161,6,71007139.00,10,79,135,F,Minor,80,85,74,62,0,8,9
Lovezinho,Treyce,1,2022,7,28,242,0,70069745.00,12,2,128,E,Minor,82,61,59,30,0,12,4
We Cry Together,Kendrick Lamar,2,2022,5,13,1635,0,68895644.00,4,1,108,B,Major,65,52,69,31,0,8,36
F2F,SZA,1,2022,12,9,989,0,67540165.00,5,9,90,D,Major,53,47,74,9,0,34,4
Gone Girl,SZA,1,2022,12,9,892,0,65362788.00,3,17,150,F,Major,43,42,44,57,0,15,6
Gospel (with Eminem),Eminem,2,2022,2,4,1040,0,64787943.00,8,0,117,C#,Major,92,62,86,11,0,24,24
Bussin,Nicki Minaj,2,2022,2,11,847,0,64714573.00,25,0,140,B,Major,89,75,70,6,0,13,5
Dont Break My,The Weeknd,1,2022,1,7,1184,0,63803529.00,1,5,122,A#,Major,77,25,62,34,0,23,3
Notice Me,SZA,1,2022,12,9,819,0,62019074.00,14,22,160,F,Major,72,78,68,28,0,11,12
Worldwide Steppers,Kendrick Lamar,1,2022,5,13,1480,0,61739839.00,1,0,72,A#,Minor,56,56,47,76,0,8,36
thought i was playing,21 Savage,2,2022,1,7,807,0,60680939.00,3,0,148,C#,Major,68,29,73,0,0,7,7
Mr. Morale,Kendrick Lamar,2,2022,5,13,1860,0,58687425.00,1,0,174,A,Major,73,26,54,30,0,34,32
Smoking on my Ex Pack,SZA,1,2022,12,9,811,0,57144458.00,6,11,81,G#,Major,47,33,68,24,0,22,38
Conceited,SZA,1,2022,12,9,899,0,56870689.00,2,14,150,C#,Major,79,77,46,5,0,11,7
25k jacket (feat. Lil Baby),Gunna,2,2022,1,7,620,0,54937991.00,17,3,115,F,Minor,90,74,54,16,0,13,28
SPACE MAN,Sam Ryder,1,2022,2,22,1329,0,54682594.00,42,51,80,B,Major,47,33,83,18,0,10,5
Lady Mi Amor,Feid,1,2022,9,13,330,0,53987404.00,3,0,93,D,Major,78,75,62,6,0,15,6
Dawn FM,The Weeknd,1,2022,1,7,811,0,53933526.00,1,8,78,A,Minor,27,10,49,62,0,49,5
Still Life,BIGBANG,1,2022,4,5,181,0,53909146.00,16,14,118,G#,Major,68,24,58,44,0,6,3
Stefania (Kalush Orchestra),KALUSH,1,2022,3,10,555,0,53729194.00,10,4,105,D,Major,83,32,82,14,0,12,4
Mirror,Kendrick Lamar,1,2022,5,13,1929,0,53603447.00,2,0,92,E,Minor,66,29,65,23,0,8,7
Far,SZA,1,2022,12,9,680,0,51641685.00,2,15,116,D,Major,61,48,55,67,0,16,8
Worst Day,Future,1,2022,2,11,910,0,50746620.00,20,3,89,C#,Major,65,60,60,11,0,10,40
Too Late,SZA,1,2022,12,8,714,0,49262961.00,0,9,128,B,Major,45,35,68,78,0,39,8
XQ Te Pones As,Yandel,2,2022,9,13,308,0,47093942.00,6,1,92,A#,Major,81,48,70,13,0,15,7
Crown,Kendrick Lamar,1,2022,5,13,1493,0,42485571.00,2,0,170,C#,Minor,37,14,24,80,0,11,4
A Tale By Quincy,The Weeknd,1,2022,1,7,733,0,41924466.00,0,2,94,F,Minor,46,55,50,71,0,10,11
Rich - Interlude,Kendrick Lamar,1,2022,5,13,1103,0,41210087.00,0,0,104,G,Major,44,74,42,88,0,9,9
Auntie Diaries,Kendrick Lamar,1,2022,5,13,1545,0,37778188.00,1,0,78,G,Major,43,60,38,76,1,48,38
Every Angel is Terrifying,The Weeknd,1,2022,1,7,715,0,37307967.00,0,1,118,,Major,44,52,94,11,0,4,29
Savior - Interlude,Kendrick Lamar,1,2022,5,13,1194,0,37091576.00,0,0,118,F,Minor,66,83,43,84,0,19,19
Mother I Sober (feat. Beth Gibbons of Portishead),Kendrick Lamar,2,2022,5,13,1890,0,33381454.00,3,0,140,G#,Minor,49,50,37,87,0,11,35
Phantom Regret by Jim,The Weeknd,1,2022,1,7,768,0,31959571.00,1,1,108,A,Minor,46,23,48,75,30,14,4
Jhoome Jo Pathaan,Arijit Singh,6,2022,12,22,138,4,1365184.00,13,78,105,G,Major,82,62,74,10,0,33,7
Que Vuelvas,Carin Leon,2,2022,12,9,763,26,2762.00,21,110,162,A#,Major,49,78,64,19,0,11,4
Flowers,Miley Cyrus,1,2023,1,12,12211,115,1316855716.00,300,215,118,,Major,71,65,68,6,0,3,7
Ella Baila Sola,Eslabon Armado,2,2023,3,16,3090,50,725980112.00,34,222,148,F,Minor,67,83,76,48,0,8,3
"Shakira: Bzrp Music Sessions, Vol. 53",Shakira,2,2023,1,11,5724,44,721975598.00,119,108,122,D,Minor,78,50,63,27,0,9,5
TQG,Karol G,2,2023,2,23,4284,49,618990393.00,115,123,180,E,Minor,72,61,63,67,0,9,28
La Bebe - Remix,Peso Pluma,2,2023,3,17,2953,44,553634067.00,49,110,170,D,Minor,81,56,48,21,0,8,33
Die For You - Remix,Ariana Grande,2,2023,2,24,3408,47,518745108.00,87,86,67,C#,Minor,53,50,53,23,0,44,7
un x100to,Bad Bunny,2,2023,4,17,2876,40,505671438.00,41,205,83,F#,Minor,57,56,72,23,0,27,5
Cupid - Twin Ver.,Fifty Fifty,1,2023,2,24,2942,77,496795686.00,91,212,120,B,Minor,78,76,59,43,0,34,3
PRC,Natanael Cano,2,2023,1,23,961,26,436027885.00,19,143,138,G,Minor,78,89,83,10,0,12,5
OMG,NewJeans,1,2023,1,2,1783,27,430977451.00,26,124,127,A,Minor,80,74,77,36,0,11,4
Last Night,Morgan Wallen,1,2023,1,31,2420,19,429829812.00,52,107,204,F#,Major,52,52,68,46,0,15,4
Daylight,David Kushner,1,2023,4,14,3528,98,387570742.00,80,156,130,D,Minor,51,32,43,83,0,9,3
Like Crazy,Jimin,1,2023,3,24,596,68,363369738.00,8,104,120,G,Major,63,36,73,0,0,36,4
BESO,Rauw Alejandro,2,2023,3,24,4053,50,357925728.00,82,121,95,F,Minor,77,53,64,74,0,17,14
El Azul,Junior H,2,2023,2,10,692,25,354495408.00,10,107,144,A,Minor,56,84,65,23,0,10,6
Classy 101,Feid,2,2023,3,31,2610,40,335222234.00,43,100,100,B,Major,86,67,66,14,0,12,16
Fin de Semana,Oscar Maydon,2,2023,1,13,592,14,307370144.00,11,84,98,,Major,70,37,54,6,0,9,8
WHERE SHE GOES,Bad Bunny,1,2023,5,18,3133,50,303236322.00,84,133,144,A,Minor,65,23,80,14,63,11,6
X SI VOLVEMOS,Karol G,2,2023,2,2,2127,33,266624541.00,45,80,178,C#,Minor,79,58,78,34,0,11,25
Moonlight,Kali Uchis,1,2023,2,24,2649,42,256483385.00,67,79,137,G,Minor,64,88,72,51,0,17,5
El Gordo Trae El Mando,Chino Pacas,1,2023,1,27,539,21,255932395.00,7,71,140,G,Minor,74,96,80,18,0,5,5
Coco Chanel,Bad Bunny,2,2023,3,17,1962,38,250305248.00,28,89,150,D,Major,68,14,76,4,0,10,4
Rara Vez,Taiu,2,2023,2,8,893,38,248088961.00,19,23,120,F,Minor,84,96,71,18,0,34,17
Nosso Quadro,Ana Castela,2,2023,2,2,894,9,233801632.00,14,88,160,A,Major,69,61,71,33,0,31,20
FLOWER,JISOO,1,2023,3,31,839,18,232896922.00,20,110,124,A,Minor,84,64,39,3,0,11,4
El Merengue,Marshmello,2,2023,3,3,2114,44,223633238.00,80,75,124,G#,Minor,78,70,68,3,1,11,4
Cupido,Tini,1,2023,2,14,1240,24,217672943.00,51,29,120,A,Major,91,63,58,52,0,31,22
Miracle (with Ellie Goulding),Calvin Harris,2,2023,3,10,5120,48,211050784.00,161,115,143,A,Major,64,31,87,4,4,8,4
Watch This - ARIZONATEARS Pluggnb Remix,sped up nightcore,3,2023,2,5,1638,10,207033255.00,0,0,130,B,Minor,69,36,90,1,10,15,4
MIENTRAS ME CURO DEL CORA,Karol G,1,2023,2,24,1020,35,206399629.00,15,26,80,,Major,52,57,48,86,0,15,39
Tattoo,Loreen,1,2023,2,25,2988,59,201660859.00,74,102,150,D#,Minor,55,30,78,24,0,12,8
"Peso Pluma: Bzrp Music Sessions, Vol. 55",Bizarrap,2,2023,5,31,1313,40,200647221.00,17,152,133,F,Minor,85,81,67,26,0,12,5
Eyes Closed,Ed Sheeran,1,2023,3,23,2915,30,195576623.00,116,69,107,D,Major,78,39,53,30,0,11,6
Frgil (feat. Grupo Front,Yahritza Y Su Esencia,2,2023,4,7,672,34,188933502.00,19,108,150,F#,Major,61,39,73,37,0,11,3
Sprinter,Dave,2,2023,6,1,2186,91,183706234.00,67,213,141,C#,Major,92,66,58,19,0,8,24
Baby Don't Hurt Me,David Guetta,3,2023,4,6,4277,66,177740666.00,145,111,128,G,Major,60,23,91,0,0,12,3
TQM,Fuerza Regida,1,2023,5,19,584,28,176553476.00,16,159,125,F,Minor,79,96,85,27,0,11,6
WANDA,Quevedo,1,2023,1,20,888,22,175399345.00,11,24,176,E,Minor,72,96,63,25,0,21,7
Search & Rescue,Drake,1,2023,4,7,2066,6,175097833.00,58,70,142,A#,Minor,82,54,44,6,0,33,7
Like Crazy (English Version),Jimin,1,2023,3,24,373,19,173627354.00,4,72,120,G,Major,62,32,76,0,0,39,4
Chemical,Post Malone,1,2023,4,14,2528,39,172825906.00,56,91,170,D,Major,50,37,90,0,0,12,5
Set Me Free Pt.2,Jimin,1,2023,3,17,340,13,168448603.00,4,71,132,,Minor,59,56,82,12,0,12,6
Sial,Mahalini,1,2023,1,23,134,4,166570053.00,4,6,120,D,Major,56,20,43,89,0,12,4
If We Ever Broke Up,Mae Stephens,1,2023,2,10,2040,4,165584767.00,81,27,116,G,Major,90,96,73,62,0,9,4
Shorty Party,Cartel De Santa,2,2023,3,4,432,12,162887075.00,8,14,96,D,Major,93,47,47,33,0,10,36
Chanel,Becky G,2,2023,3,30,681,10,161460990.00,15,92,132,D,Major,85,53,68,40,0,9,4
Fast Car,Luke Combs,1,2023,3,24,1446,12,157058870.00,57,97,98,G#,Major,71,67,60,19,0,12,3
Boy's a liar Pt. 2,PinkPantheress,2,2023,2,3,5184,41,156338624.00,154,84,133,F,Major,70,86,81,25,0,25,5
Erro Gostoso - Ao Vivo,Simone Mendes,1,2023,1,27,984,5,153454328.00,8,57,154,F#,Major,59,63,89,18,0,80,9
AMARGURA,Karol G,1,2023,2,24,1133,39,153372011.00,14,71,107,F#,Minor,92,55,70,18,0,15,7
VIBE (feat. Jimin of BTS),TAEYANG,2,2023,1,13,415,2,152850295.00,15,40,100,,Major,79,60,68,7,0,26,4
Tormenta (feat. Bad Bunny),Gorillaz,2,2023,2,24,1529,0,149778242.00,32,18,95,,Major,64,30,77,46,0,38,6
Love Again,The Kid Laroi,1,2023,1,27,1283,0,147538971.00,57,4,107,B,Minor,66,47,40,72,0,11,3
Di Que Si,Grupo Marca Registrada,2,2023,2,3,356,10,147290338.00,4,64,182,A,Major,57,80,59,8,0,6,5
Mas Rica Que Ayer,Mambo Kingz,3,2023,3,2,1208,34,146409671.00,10,41,94,B,Major,82,53,67,34,0,9,8
Oi Balde - Ao Vivo,Z Neto & Crist,1,2023,2,14,845,2,145458418.00,12,57,108,D,Major,67,55,67,60,0,80,5
Heaven,Niall Horan,1,2023,2,17,1553,2,144584800.00,61,6,92,F,Major,57,68,76,7,0,33,3
All My Life (feat. J. Cole),J. Cole,2,2023,5,12,2175,23,144565150.00,69,145,143,D#,Major,83,69,44,15,0,10,33
,YOASOBI,1,2023,4,12,356,16,143573775.00,35,102,166,C#,Major,57,84,94,11,0,37,9
Un Finde | CROSSOVER #2,Big One,3,2023,4,4,561,14,142095275.00,4,14,192,B,Major,50,85,52,11,0,28,6
Seven (feat. Latto) (Explicit Ver.),Latto,2,2023,7,14,553,147,141381703.00,43,263,125,B,Major,80,89,83,31,0,8,4
vampire,Olivia Rodrigo,1,2023,6,30,1397,113,140003974.00,94,207,138,F,Major,51,32,53,17,0,31,6
Cupid,Fifty Fifty,1,2023,2,24,526,10,139681964.00,15,93,120,D,Major,77,94,66,65,0,38,3
Seu Brilho Sumiu - Ao Vivo,Israel & Rodolffo,2,2023,3,1,967,5,138517666.00,7,29,154,F#,Major,63,75,92,31,0,91,5
TRUSTFALL,P!nk,1,2023,1,27,2098,16,134255790.00,88,24,122,G#,Major,64,25,89,0,0,15,9
"Angel Pt 1 (feat. Jimin of BTS, JVKE & Muni Long)",Kodak Black,5,2023,5,1,577,14,133753727.00,22,18,74,A#,Minor,53,24,67,11,0,10,28
LALA,Myke Towers,1,2023,3,23,1474,48,133716286.00,48,126,92,C#,Major,71,61,74,7,0,10,4
Say Yes To Heaven,Lana Del Rey,1,2023,3,17,2000,46,127567540.00,49,105,100,F#,Minor,49,17,35,71,9,11,3
Dance The Night (From Barbie The Album),Dua Lipa,1,2023,5,25,2988,101,127408954.00,0,0,110,B,Minor,67,78,85,2,0,33,5
Las Morras,BLESSD,2,2023,4,4,291,8,127026613.00,8,78,133,A,Minor,78,90,84,31,0,7,4
Thinkin B,Morgan Wallen,1,2023,3,3,604,6,125917280.00,22,101,140,D#,Minor,66,43,76,49,0,12,3
LLYLM,ROSAL,1,2023,1,27,1838,0,124988687.00,105,41,170,F#,Minor,56,56,63,13,0,19,27
I AM,IVE,1,2023,4,10,366,15,123132751.00,16,102,122,E,Minor,68,38,88,1,0,8,5
Acrs,Shakira,1,2023,5,11,955,29,123124076.00,37,50,144,B,Major,75,35,48,84,0,10,12
Los del Espacio,Big One,8,2023,6,1,1150,31,123122413.00,22,33,120,,Major,81,63,68,11,0,11,4
Mu,Steve Aoki,3,2023,1,12,658,6,120972253.00,33,7,90,A#,Minor,68,83,71,3,0,31,8
Haegeum,Agust D,1,2023,4,21,244,12,118810253.00,6,84,85,G,Major,70,83,84,31,0,47,30
Take Two,BTS,1,2023,6,9,674,47,118482347.00,20,106,93,G,Major,62,57,59,3,0,38,3
Never Felt So Alone,Labrinth,1,2023,4,7,1730,3,117747907.00,46,5,98,F,Major,44,36,41,50,0,38,5
REMIX EXCLUSIVO,Feid,1,2023,3,17,1235,9,117206995.00,20,8,87,F,Minor,65,71,56,4,0,15,20
on the street (with J. Cole),j-hope,2,2023,3,3,615,2,116599790.00,22,82,94,B,Minor,68,81,82,53,0,9,13
Dijeron Que No La Iba Lograr,Fuerza Regida,2,2023,3,14,320,6,116334601.00,5,48,142,G,Minor,70,76,79,26,0,11,7
Popular (with Playboi Carti & Madonna) - The Idol Vol. 1 (Music from the HBO Original Series),The Weeknd,3,2023,6,2,1945,87,115364561.00,74,182,99,C#,Major,85,83,68,7,0,36,20
Nia Bo,Sean Paul,2,2023,4,21,1305,34,115010040.00,29,26,91,G,Major,82,47,62,10,0,10,15
Area Codes,Kaliii,2,2023,3,17,1197,13,113509496.00,44,34,155,C#,Major,82,51,39,2,0,9,49
T,dennis,2,2023,5,4,731,15,111947664.00,27,17,130,B,Major,86,59,96,50,1,9,5
"Calling (Spider-Man: Across the Spider-Verse) (Metro Boomin & Swae Lee, NAV, feat. A Boogie Wit da Hoodie)",Swae Lee,4,2023,6,2,1051,16,109276132.00,31,37,140,,Major,63,22,54,46,0,12,8
El Cielo,Feid,3,2023,6,2,1298,38,107753850.00,44,64,106,A#,Minor,72,17,64,7,0,10,5
Sugar Rush Ride,TOMORROW X TOGETHER,1,2023,1,27,359,0,107642809.00,12,56,125,A#,Minor,71,83,89,1,0,17,9
Private Landing (feat. Justin Bieber & Future),Don Toliver,3,2023,2,23,1190,0,105062254.00,29,3,137,C#,Minor,84,44,67,8,0,11,6
Princess Diana (with Nicki Minaj),Nicki Minaj,2,2023,4,14,1444,4,104992946.00,0,0,148,A,Major,90,74,68,14,0,10,19
I'm Not Here To Make Friends,Sam Smith,3,2023,1,27,1890,0,103787664.00,86,1,115,,Major,70,84,90,17,0,41,6
"Arcngel: Bzrp Music Sessions, Vol",Arcangel,2,2023,3,22,654,3,100409613.00,11,3,124,B,Minor,72,79,78,55,0,15,30
Queencard,(G)I-DLE,1,2023,5,15,451,33,96273746.00,10,126,130,E,Minor,82,69,83,3,0,27,5
Double Fantasy (with Future),The Weeknd,2,2023,4,21,1169,0,96180277.00,36,65,119,A,Minor,60,10,57,1,0,50,3
People Pt.2 (feat. IU),IU,2,2023,4,7,209,4,95816024.00,4,45,89,G,Minor,73,44,57,39,0,32,6
Everything I Love,Morgan Wallen,1,2023,1,31,579,0,95623148.00,11,54,104,G#,Major,56,72,85,0,0,15,3
fukumean,Gunna,1,2023,5,15,1096,83,95217315.00,60,210,130,C#,Minor,85,22,62,12,0,28,9
What It Is (Solo Version),Doechii,1,2023,3,17,804,25,95131998.00,29,76,172,C#,Minor,74,76,76,6,0,10,9
Bye,Peso Pluma,1,2023,5,26,324,14,95053634.00,13,110,122,,Major,78,70,81,57,0,10,5
"Am I Dreaming (Metro Boomin & A$AP Rocky, Roisee)",A$AP Rocky,3,2023,6,2,727,16,94186466.00,17,60,90,A,Minor,60,13,53,4,0,21,4
PERO T,Karol G,2,2023,2,23,387,11,93438910.00,11,15,140,F#,Major,86,68,79,39,0,11,29
UNFORGIVEN (feat. Nile Rodgers),Nile Rodgers,2,2023,5,1,327,13,92035115.00,14,110,104,E,Minor,80,38,88,11,0,11,5
Super,SEVENTEEN,1,2023,4,24,271,12,91221625.00,16,103,137,G#,Major,77,35,88,16,0,17,9
VAGABUNDO,Sebastian Yatra,3,2023,5,12,1094,34,90839753.00,40,58,127,B,Minor,82,89,85,4,0,23,6
Rosa Pastel,Jasiel Nuez,2,2023,2,2,200,4,90025258.00,8,77,123,G,Minor,70,86,68,24,0,11,4
Abcdario,Junior H,2,2023,5,13,262,5,89933133.00,8,60,129,G#,Major,70,42,43,78,0,11,3
Aint Tha,Morgan Wallen,1,2023,3,3,356,4,88791109.00,4,20,121,F#,Minor,64,67,80,0,0,36,3
"Annihilate (Spider-Man: Across the Spider-Verse) (Metro Boomin & Swae Lee, Lil Wayne, Offset)",Swae Lee,4,2023,6,2,551,4,86773632.00,13,46,146,B,Minor,61,20,48,21,0,12,6
LADY GAGA,Gabito Ballesteros,3,2023,6,22,332,26,86444842.00,11,163,140,F,Minor,65,87,74,22,0,42,4
I Wrote The Book,Morgan Wallen,1,2023,1,31,430,0,83021468.00,15,17,144,D,Major,68,83,81,9,0,8,4
Red Ruby Da Sleeze,Nicki Minaj,1,2023,3,3,1168,0,81419389.00,45,11,98,C#,Major,70,29,73,12,0,11,26
Novo Balan,Veigh,4,2023,5,19,283,7,81102253.00,6,9,124,D#,Minor,84,65,50,67,0,13,6
DOGTOOTH,Tyler,2,2023,3,27,1479,0,80758350.00,23,0,78,G#,Major,71,80,65,51,0,22,32
SABOR FRESA,Fuerza Regida,1,2023,6,22,250,26,78300654.00,16,149,130,G,Minor,79,96,86,9,0,9,9
I Know - PR1SVX Edit,Kanii,2,2023,3,24,407,0,77377503.00,16,15,134,B,Minor,67,11,76,8,47,30,7
Conexes de Mfia (feat. Rich ,Rich The Kid,2,2023,4,30,385,4,77233241.00,17,7,117,F#,Minor,77,69,58,39,0,26,5
Shoong! (feat. LISA of BLACKPINK),TAEYANG,2,2023,4,25,351,9,76910644.00,16,90,110,B,Minor,76,26,70,1,0,41,6
Bite Me,ENHYPEN,1,2023,5,22,349,69,76767396.00,8,96,105,C#,Major,80,69,78,28,0,11,14
Carto B,MC Caverinha,2,2023,5,11,269,4,71573339.00,7,2,108,A,Minor,84,55,47,26,0,20,64
Self Love (Spider-Man: Across the Spider-Verse) (Metro Boomin & Coi Leray),Metro Boomin,2,2023,6,2,332,5,70106975.00,18,41,120,A,Major,78,5,30,21,0,13,5
Hits Different,Taylor Swift,1,2023,5,26,547,0,68616963.00,15,15,106,F,Major,67,24,78,15,0,30,4
Peaches (from The Super Mario Bros. Movie),Jack Black,1,2023,4,7,34,0,68216992.00,0,0,92,A#,Minor,71,41,31,79,0,10,5
VOID,Melanie Martinez,1,2023,3,29,596,0,67070410.00,29,9,100,A,Major,72,42,66,18,4,19,4
"Rauw Alejandro: Bzrp Music Sessions, Vol. 56",Rauw Alejandro,2,2023,6,21,871,32,66902503.00,25,59,128,B,Major,78,59,65,10,0,26,5
S-Class,Stray Kids,1,2023,6,2,290,19,65496046.00,9,101,105,F,Minor,89,67,78,9,0,7,33
Barbie World (with Aqua) [From Barbie The Album],Nicki Minaj,3,2023,6,23,1117,80,65156199.00,82,145,144,,Major,77,75,58,52,0,23,25
"Phir Aur Kya Chahiye (From ""Zara Hatke Zara Bachke"")",Arijit Singh,3,2023,5,15,178,6,64533040.00,6,71,100,E,Major,56,53,55,53,0,12,4
MOJABI GHOST,Tainy,2,2023,6,29,859,40,61245289.00,35,109,122,F#,Minor,81,74,71,14,0,56,4
Mami Chula,Quevedo,2,2023,4,27,875,4,61105704.00,17,13,120,G,Minor,80,33,70,22,0,9,4
Snow On The Beach (feat. More Lana Del Rey),Lana Del Rey,2,2023,5,26,359,2,60350538.00,1,0,110,F#,Minor,66,32,40,81,0,11,3
Man Made A Bar (feat. Eric Church),Morgan Wallen,2,2023,3,3,329,0,58890931.00,14,35,148,E,Major,50,49,76,12,0,12,3
SORRY NOT SORRY,Tyler,2,2023,3,31,709,0,58473276.00,8,1,96,F#,Minor,48,50,80,40,0,37,20
Super Shy,NewJeans,1,2023,7,7,422,55,58255150.00,37,202,150,F,Minor,78,52,82,18,0,15,7
Columbia,Quevedo,1,2023,7,7,714,43,58149378.00,25,89,100,F,Major,67,26,71,37,0,11,4
69,Nicky Jam,2,2023,5,18,1134,22,57945987.00,39,14,93,G#,Major,79,58,62,11,0,11,23
(It Goes Like) Nanana - Edit,Peggy Gou,1,2023,6,15,2259,59,57876440.00,0,0,130,G,Minor,67,96,88,12,19,8,4
POLARIS - Remix,Feid,4,2023,6,8,773,33,57312735.00,20,46,170,G#,Minor,62,55,80,15,0,37,7
AMERICA HAS A PROBLEM (feat. Kendrick Lamar),Kendrick Lamar,2,2023,5,19,896,0,57089066.00,34,2,126,C#,Major,78,20,70,1,0,16,4
98 Braves,Morgan Wallen,1,2023,3,3,282,0,56533272.00,6,15,142,D,Major,49,48,67,10,0,26,3
LUNA,Junior H,2,2023,6,22,201,11,55842345.00,19,117,128,A,Minor,75,79,63,33,0,15,4
BABY HELLO,Rauw Alejandro,2,2023,6,23,1004,35,54266102.00,42,80,130,C#,Minor,77,84,89,17,0,43,5
"Tere Vaaste (From ""Zara Hatke Zara Bachke"")",Sachin-Jigar,5,2023,5,22,182,8,54225632.00,3,88,110,G,Minor,76,96,72,32,0,9,4
HAPPY,NF,1,2023,3,25,660,0,52722996.00,22,7,106,G,Major,73,22,86,31,0,12,4
TULUM,Peso Pluma,2,2023,6,28,266,34,52294266.00,20,185,168,F#,Major,56,63,87,39,0,11,5
I Can See You (Taylors Version) (From The ,Taylor Swift,1,2023,7,7,516,38,52135248.00,73,119,123,F#,Major,69,82,76,6,0,6,3
Lilith (feat. SUGA of BTS) (Diablo IV Anthem),Halsey,2,2023,6,5,215,6,51985779.00,6,14,84,A,Minor,43,14,74,1,0,19,8
Mejor Que Yo,Mambo Kingz,3,2023,5,4,675,1,50847624.00,9,13,178,C#,Minor,62,56,66,18,0,12,5
Cheques,Shubh,1,2023,5,19,67,8,47956378.00,7,10,90,E,Minor,74,36,63,26,0,27,5
Karma (feat. Ice Spice),Taylor Swift,2,2023,5,26,588,0,46142772.00,23,21,90,G#,Major,62,7,62,6,0,58,6
Stand By Me (feat. Morgan Wallen),Lil Durk,2,2023,5,26,381,5,46065667.00,23,82,134,B,Major,76,61,58,6,0,16,3
CORAZN VA,Maria Becerra,1,2023,6,22,370,20,43857627.00,12,16,98,C#,Major,68,40,79,33,0,30,6
Piman De,Semicenk,2,2023,6,2,185,3,43522589.00,5,6,98,A#,Minor,73,45,62,28,0,13,13
Curtains,Ed Sheeran,1,2023,5,5,715,0,39893489.00,37,3,176,F#,Minor,50,44,76,10,0,32,5
Novidade na ,Mc Livinho,2,2023,6,23,267,9,39709092.00,9,6,130,F,Major,63,36,34,76,0,35,9
Hummingbird (Metro Boomin & James Blake),James Blake,2,2023,6,2,277,1,39666245.00,1,20,81,F#,Major,59,26,60,46,1,25,13
Enchanted (Taylor's Version),Taylor Swift,1,2023,7,7,148,24,39578178.00,32,93,82,G#,Major,51,22,53,1,0,15,3
Back To December (Taylor's Version),Taylor Swift,1,2023,7,7,139,17,39228929.00,16,72,142,D,Major,50,20,64,1,0,12,3
LAGUNAS,Jasiel Nuez,2,2023,6,22,58,18,39058561.00,2,106,116,B,Major,77,79,62,33,1,15,3
"All The Way Live (Spider-Man: Across the Spider-Verse) (Metro Boomin & Future, Lil Uzi Vert)",Future,3,2023,6,2,259,0,37126685.00,5,17,135,A,Minor,77,28,55,18,0,22,15
Mine (Taylor's Version),Taylor Swift,1,2023,7,7,99,15,36912123.00,21,52,121,G,Major,65,49,78,0,0,17,4
Don't ever say love me (feat. RM of BTS),RM,2,2023,5,4,105,0,34502215.00,5,9,145,B,Minor,54,19,48,36,0,37,5
Born With A Beer In My Hand,Morgan Wallen,1,2023,3,3,203,0,34450974.00,5,9,148,,Major,53,61,81,5,0,36,4
"Link Up (Metro Boomin & Don Toliver, Wizkid feat. BEAM & Toian) - Spider-Verse Remix (Spider-Man: Across the Spider-Verse )",WizKid,5,2023,6,2,197,0,32761689.00,3,10,101,F,Major,92,59,51,41,51,26,8
Devil Don,Morgan Wallen,1,2023,3,3,166,0,32526947.00,2,10,125,,Major,53,32,66,38,0,9,3
Mi Bello Angel,Natanael Cano,1,2023,6,30,86,8,31873544.00,7,76,128,A,Minor,81,90,77,1,0,9,5
"What Was I Made For? [From The Motion Picture ""Barbie""]",Billie Eilish,1,2023,7,13,873,104,30546883.00,80,227,78,,Major,44,14,9,96,0,10,3
Better Than Revenge (Taylor's Version),Taylor Swift,1,2023,7,7,86,11,30343206.00,3,33,146,B,Minor,50,67,89,0,0,19,8
New Jeans,NewJeans,1,2023,7,7,77,35,29562220.00,8,166,134,E,Minor,81,53,72,51,0,12,5
Danger (Spider) (Offset & JID),Offset,2,2023,6,2,214,0,24975653.00,3,3,143,B,Major,83,25,69,4,0,23,12
Rush,Troye Sivan,1,2023,7,13,864,78,22581161.00,71,135,126,F,Minor,74,35,84,0,0,11,6
S91,Karol G,1,2023,7,14,525,41,16011326.00,34,115,128,,Minor,86,42,72,59,0,9,19
Overdrive,Post Malone,1,2023,7,14,410,36,14780425.00,36,32,140,C#,Major,56,48,73,0,0,35,4
"Gol Bolinha, Gol Quadrado 2",Mc Pedrinho,2,2023,6,1,293,8,11956641.00,5,2,133,B,Minor,93,68,65,42,0,12,25
QUEMA,Sog,3,2023,7,13,437,31,11599388.00,17,29,97,,Major,79,92,89,5,0,6,5
